849	/u/home/c/cindywen/project-gandalm/isoform_twas/star/hdbr_sqtl_new/849/849.STARAligned.sortedByCoord.WASPfiltered.out.bam	G/G
898	/u/home/c/cindywen/project-gandalm/isoform_twas/star/hdbr_sqtl_new/898/898.STARAligned.sortedByCoord.WASPfiltered.out.bam	A/A
1038	/u/home/c/cindywen/project-gandalm/isoform_twas/star/hdbr_sqtl_new/1038/1038.STARAligned.sortedByCoord.WASPfiltered.out.bam	G/G
1039	/u/home/c/cindywen/project-gandalm/isoform_twas/star/hdbr_sqtl_new/1039/1039.STARAligned.sortedByCoord.WASPfiltered.out.bam	G/G
1046	/u/home/c/cindywen/project-gandalm/isoform_twas/star/hdbr_sqtl_new/1046/1046.STARAligned.sortedByCoord.WASPfiltered.out.bam	G/G
1092	/u/home/c/cindywen/project-gandalm/isoform_twas/star/hdbr_sqtl_new/1092/1092.STARAligned.sortedByCoord.WASPfiltered.out.bam	A/A
1102	/u/home/c/cindywen/project-gandalm/isoform_twas/star/hdbr_sqtl_new/1102/1102.STARAligned.sortedByCoord.WASPfiltered.out.bam	G/G
1107	/u/home/c/cindywen/project-gandalm/isoform_twas/star/hdbr_sqtl_new/1107/1107.STARAligned.sortedByCoord.WASPfiltered.out.bam	A/A
1110	/u/home/c/cindywen/project-gandalm/isoform_twas/star/hdbr_sqtl_new/1110/1110.STARAligned.sortedByCoord.WASPfiltered.out.bam	G/A
1111	/u/home/c/cindywen/project-gandalm/isoform_twas/star/hdbr_sqtl_new/1111/1111.STARAligned.sortedByCoord.WASPfiltered.out.bam	A/A
1115	/u/home/c/cindywen/project-gandalm/isoform_twas/star/hdbr_sqtl_new/1115/1115.STARAligned.sortedByCoord.WASPfiltered.out.bam	A/A
1117	/u/home/c/cindywen/project-gandalm/isoform_twas/star/obrien_sqtl_new/1117/1117.STARAligned.sortedByCoord.WASPfiltered.out.bam	G/G
1118	/u/home/c/cindywen/project-gandalm/isoform_twas/star/hdbr_sqtl_new/1118/1118.STARAligned.sortedByCoord.WASPfiltered.out.bam	G/A
1123	/u/home/c/cindywen/project-gandalm/isoform_twas/star/hdbr_sqtl_new/1123/1123.STARAligned.sortedByCoord.WASPfiltered.out.bam	A/A
1210	/u/home/c/cindywen/project-gandalm/isoform_twas/star/hdbr_sqtl_new/1210/1210.STARAligned.sortedByCoord.WASPfiltered.out.bam	G/A
1263	/u/home/c/cindywen/project-gandalm/isoform_twas/star/hdbr_sqtl_new/1263/1263.STARAligned.sortedByCoord.WASPfiltered.out.bam	A/A
1281	/u/home/c/cindywen/project-gandalm/isoform_twas/star/hdbr_sqtl_new/1281/1281.STARAligned.sortedByCoord.WASPfiltered.out.bam	G/A
1290	/u/home/c/cindywen/project-gandalm/isoform_twas/star/hdbr_sqtl_new/1290/1290.STARAligned.sortedByCoord.WASPfiltered.out.bam	G/G
1308	/u/home/c/cindywen/project-gandalm/isoform_twas/star/hdbr_sqtl_new/1308/1308.STARAligned.sortedByCoord.WASPfiltered.out.bam	G/G
1319	/u/home/c/cindywen/project-gandalm/isoform_twas/star/hdbr_sqtl_new/1319/1319.STARAligned.sortedByCoord.WASPfiltered.out.bam	G/G
1406	/u/home/c/cindywen/project-gandalm/isoform_twas/star/hdbr_sqtl_new/1406/1406.STARAligned.sortedByCoord.WASPfiltered.out.bam	G/A
1474	/u/home/c/cindywen/project-gandalm/isoform_twas/star/walker_sqtl_new/1474/1474.STARAligned.sortedByCoord.WASPfiltered.out.bam	G/A
1496	/u/home/c/cindywen/project-gandalm/isoform_twas/star/walker_sqtl_new/1496/1496.STARAligned.sortedByCoord.WASPfiltered.out.bam	G/A
1500	/u/home/c/cindywen/project-gandalm/isoform_twas/star/walker_sqtl_new/1500/1500.STARAligned.sortedByCoord.WASPfiltered.out.bam	G/A
1502	/u/home/c/cindywen/project-gandalm/isoform_twas/star/walker_sqtl_new/1502/1502.STARAligned.sortedByCoord.WASPfiltered.out.bam	G/A
1507	/u/home/c/cindywen/project-gandalm/isoform_twas/star/walker_sqtl_new/1507/1507.STARAligned.sortedByCoord.WASPfiltered.out.bam	G/A
1511	/u/home/c/cindywen/project-gandalm/isoform_twas/star/walker_sqtl_new/1511/1511.STARAligned.sortedByCoord.WASPfiltered.out.bam	G/A
1513	/u/home/c/cindywen/project-gandalm/isoform_twas/star/walker_sqtl_new/1513/1513.STARAligned.sortedByCoord.WASPfiltered.out.bam	G/A
1525	/u/home/c/cindywen/project-gandalm/isoform_twas/star/walker_sqtl_new/1525/1525.STARAligned.sortedByCoord.WASPfiltered.out.bam	A/A
1531	/u/home/c/cindywen/project-gandalm/isoform_twas/star/walker_sqtl_new/1531/1531.STARAligned.sortedByCoord.WASPfiltered.out.bam	A/A
1533	/u/home/c/cindywen/project-gandalm/isoform_twas/star/walker_sqtl_new/1533/1533.STARAligned.sortedByCoord.WASPfiltered.out.bam	G/G
1537	/u/home/c/cindywen/project-gandalm/isoform_twas/star/walker_sqtl_new/1537/1537.STARAligned.sortedByCoord.WASPfiltered.out.bam	G/A
1539	/u/home/c/cindywen/project-gandalm/isoform_twas/star/walker_sqtl_new/1539/1539.STARAligned.sortedByCoord.WASPfiltered.out.bam	A/A
1543	/u/home/c/cindywen/project-gandalm/isoform_twas/star/walker_sqtl_new/1543/1543.STARAligned.sortedByCoord.WASPfiltered.out.bam	G/A
1546	/u/home/c/cindywen/project-gandalm/isoform_twas/star/walker_sqtl_new/1546/1546.STARAligned.sortedByCoord.WASPfiltered.out.bam	A/A
1552	/u/home/c/cindywen/project-gandalm/isoform_twas/star/walker_sqtl_new/1552/1552.STARAligned.sortedByCoord.WASPfiltered.out.bam	G/G
1557	/u/home/c/cindywen/project-gandalm/isoform_twas/star/walker_sqtl_new/1557/1557.STARAligned.sortedByCoord.WASPfiltered.out.bam	G/A
1558	/u/home/c/cindywen/project-gandalm/isoform_twas/star/hdbr_sqtl_new/1558/1558.STARAligned.sortedByCoord.WASPfiltered.out.bam	A/A
1591	/u/home/c/cindywen/project-gandalm/isoform_twas/star/walker_sqtl_new/1591/1591.STARAligned.sortedByCoord.WASPfiltered.out.bam	G/A
1607	/u/home/c/cindywen/project-gandalm/isoform_twas/star/hdbr_sqtl_new/1607/1607.STARAligned.sortedByCoord.WASPfiltered.out.bam	A/A
1670	/u/home/c/cindywen/project-gandalm/isoform_twas/star/walker_sqtl_new/1670/1670.STARAligned.sortedByCoord.WASPfiltered.out.bam	G/A
1673	/u/home/c/cindywen/project-gandalm/isoform_twas/star/walker_sqtl_new/1673/1673.STARAligned.sortedByCoord.WASPfiltered.out.bam	G/G
1677	/u/home/c/cindywen/project-gandalm/isoform_twas/star/walker_sqtl_new/1677/1677.STARAligned.sortedByCoord.WASPfiltered.out.bam	G/A
1679	/u/home/c/cindywen/project-gandalm/isoform_twas/star/walker_sqtl_new/1679/1679.STARAligned.sortedByCoord.WASPfiltered.out.bam	G/A
1680	/u/home/c/cindywen/project-gandalm/isoform_twas/star/walker_sqtl_new/1680/1680.STARAligned.sortedByCoord.WASPfiltered.out.bam	G/G
1681	/u/home/c/cindywen/project-gandalm/isoform_twas/star/walker_sqtl_new/1681/1681.STARAligned.sortedByCoord.WASPfiltered.out.bam	G/G
1683	/u/home/c/cindywen/project-gandalm/isoform_twas/star/walker_sqtl_new/1683/1683.STARAligned.sortedByCoord.WASPfiltered.out.bam	G/G
1686	/u/home/c/cindywen/project-gandalm/isoform_twas/star/walker_sqtl_new/1686/1686.STARAligned.sortedByCoord.WASPfiltered.out.bam	G/G
1690	/u/home/c/cindywen/project-gandalm/isoform_twas/star/walker_sqtl_new/1690/1690.STARAligned.sortedByCoord.WASPfiltered.out.bam	G/G
1691	/u/home/c/cindywen/project-gandalm/isoform_twas/star/walker_sqtl_new/1691/1691.STARAligned.sortedByCoord.WASPfiltered.out.bam	G/A
1692	/u/home/c/cindywen/project-gandalm/isoform_twas/star/walker_sqtl_new/1692/1692.STARAligned.sortedByCoord.WASPfiltered.out.bam	G/G
1693	/u/home/c/cindywen/project-gandalm/isoform_twas/star/walker_sqtl_new/1693/1693.STARAligned.sortedByCoord.WASPfiltered.out.bam	G/G
1694	/u/home/c/cindywen/project-gandalm/isoform_twas/star/walker_sqtl_new/1694/1694.STARAligned.sortedByCoord.WASPfiltered.out.bam	G/A
1697	/u/home/c/cindywen/project-gandalm/isoform_twas/star/walker_sqtl_new/1697/1697.STARAligned.sortedByCoord.WASPfiltered.out.bam	G/G
1699	/u/home/c/cindywen/project-gandalm/isoform_twas/star/walker_sqtl_new/1699/1699.STARAligned.sortedByCoord.WASPfiltered.out.bam	G/G
1700	/u/home/c/cindywen/project-gandalm/isoform_twas/star/walker_sqtl_new/1700/1700.STARAligned.sortedByCoord.WASPfiltered.out.bam	G/A
1701	/u/home/c/cindywen/project-gandalm/isoform_twas/star/walker_sqtl_new/1701/1701.STARAligned.sortedByCoord.WASPfiltered.out.bam	A/A
1702	/u/home/c/cindywen/project-gandalm/isoform_twas/star/walker_sqtl_new/1702/1702.STARAligned.sortedByCoord.WASPfiltered.out.bam	G/A
1703	/u/home/c/cindywen/project-gandalm/isoform_twas/star/walker_sqtl_new/1703/1703.STARAligned.sortedByCoord.WASPfiltered.out.bam	G/G
1704	/u/home/c/cindywen/project-gandalm/isoform_twas/star/walker_sqtl_new/1704/1704.STARAligned.sortedByCoord.WASPfiltered.out.bam	G/A
1705	/u/home/c/cindywen/project-gandalm/isoform_twas/star/walker_sqtl_new/1705/1705.STARAligned.sortedByCoord.WASPfiltered.out.bam	G/A
1707	/u/home/c/cindywen/project-gandalm/isoform_twas/star/walker_sqtl_new/1707/1707.STARAligned.sortedByCoord.WASPfiltered.out.bam	G/A
1707.1	/u/home/c/cindywen/project-gandalm/isoform_twas/star/hdbr_sqtl_new/1707/1707.STARAligned.sortedByCoord.WASPfiltered.out.bam	A/A
1708	/u/home/c/cindywen/project-gandalm/isoform_twas/star/walker_sqtl_new/1708/1708.STARAligned.sortedByCoord.WASPfiltered.out.bam	A/A
1709	/u/home/c/cindywen/project-gandalm/isoform_twas/star/walker_sqtl_new/1709/1709.STARAligned.sortedByCoord.WASPfiltered.out.bam	G/A
1711	/u/home/c/cindywen/project-gandalm/isoform_twas/star/walker_sqtl_new/1711/1711.STARAligned.sortedByCoord.WASPfiltered.out.bam	G/A
1712	/u/home/c/cindywen/project-gandalm/isoform_twas/star/walker_sqtl_new/1712/1712.STARAligned.sortedByCoord.WASPfiltered.out.bam	A/A
1714	/u/home/c/cindywen/project-gandalm/isoform_twas/star/walker_sqtl_new/1714/1714.STARAligned.sortedByCoord.WASPfiltered.out.bam	G/G
1715	/u/home/c/cindywen/project-gandalm/isoform_twas/star/walker_sqtl_new/1715/1715.STARAligned.sortedByCoord.WASPfiltered.out.bam	G/G
1716	/u/home/c/cindywen/project-gandalm/isoform_twas/star/walker_sqtl_new/1716/1716.STARAligned.sortedByCoord.WASPfiltered.out.bam	G/G
1717	/u/home/c/cindywen/project-gandalm/isoform_twas/star/walker_sqtl_new/1717/1717.STARAligned.sortedByCoord.WASPfiltered.out.bam	G/G
1718	/u/home/c/cindywen/project-gandalm/isoform_twas/star/walker_sqtl_new/1718/1718.STARAligned.sortedByCoord.WASPfiltered.out.bam	G/A
1719	/u/home/c/cindywen/project-gandalm/isoform_twas/star/walker_sqtl_new/1719/1719.STARAligned.sortedByCoord.WASPfiltered.out.bam	A/A
1720	/u/home/c/cindywen/project-gandalm/isoform_twas/star/walker_sqtl_new/1720/1720.STARAligned.sortedByCoord.WASPfiltered.out.bam	G/A
1729	/u/home/c/cindywen/project-gandalm/isoform_twas/star/walker_sqtl_new/1729/1729.STARAligned.sortedByCoord.WASPfiltered.out.bam	A/A
1730	/u/home/c/cindywen/project-gandalm/isoform_twas/star/walker_sqtl_new/1730/1730.STARAligned.sortedByCoord.WASPfiltered.out.bam	G/A
1731	/u/home/c/cindywen/project-gandalm/isoform_twas/star/walker_sqtl_new/1731/1731.STARAligned.sortedByCoord.WASPfiltered.out.bam	G/A
1732	/u/home/c/cindywen/project-gandalm/isoform_twas/star/walker_sqtl_new/1732/1732.STARAligned.sortedByCoord.WASPfiltered.out.bam	G/A
1733	/u/home/c/cindywen/project-gandalm/isoform_twas/star/walker_sqtl_new/1733/1733.STARAligned.sortedByCoord.WASPfiltered.out.bam	G/A
1734	/u/home/c/cindywen/project-gandalm/isoform_twas/star/walker_sqtl_new/1734/1734.STARAligned.sortedByCoord.WASPfiltered.out.bam	G/G
1735	/u/home/c/cindywen/project-gandalm/isoform_twas/star/walker_sqtl_new/1735/1735.STARAligned.sortedByCoord.WASPfiltered.out.bam	G/G
1736	/u/home/c/cindywen/project-gandalm/isoform_twas/star/walker_sqtl_new/1736/1736.STARAligned.sortedByCoord.WASPfiltered.out.bam	G/G
1737	/u/home/c/cindywen/project-gandalm/isoform_twas/star/walker_sqtl_new/1737/1737.STARAligned.sortedByCoord.WASPfiltered.out.bam	A/A
1738	/u/home/c/cindywen/project-gandalm/isoform_twas/star/walker_sqtl_new/1738/1738.STARAligned.sortedByCoord.WASPfiltered.out.bam	G/A
1739	/u/home/c/cindywen/project-gandalm/isoform_twas/star/walker_sqtl_new/1739/1739.STARAligned.sortedByCoord.WASPfiltered.out.bam	G/G
1740	/u/home/c/cindywen/project-gandalm/isoform_twas/star/walker_sqtl_new/1740/1740.STARAligned.sortedByCoord.WASPfiltered.out.bam	G/A
1746	/u/home/c/cindywen/project-gandalm/isoform_twas/star/walker_sqtl_new/1746/1746.STARAligned.sortedByCoord.WASPfiltered.out.bam	G/G
1748	/u/home/c/cindywen/project-gandalm/isoform_twas/star/walker_sqtl_new/1748/1748.STARAligned.sortedByCoord.WASPfiltered.out.bam	A/A
1750	/u/home/c/cindywen/project-gandalm/isoform_twas/star/walker_sqtl_new/1750/1750.STARAligned.sortedByCoord.WASPfiltered.out.bam	G/G
1751	/u/home/c/cindywen/project-gandalm/isoform_twas/star/walker_sqtl_new/1751/1751.STARAligned.sortedByCoord.WASPfiltered.out.bam	G/A
1754	/u/home/c/cindywen/project-gandalm/isoform_twas/star/walker_sqtl_new/1754/1754.STARAligned.sortedByCoord.WASPfiltered.out.bam	G/A
1755	/u/home/c/cindywen/project-gandalm/isoform_twas/star/walker_sqtl_new/1755/1755.STARAligned.sortedByCoord.WASPfiltered.out.bam	A/A
1756	/u/home/c/cindywen/project-gandalm/isoform_twas/star/walker_sqtl_new/1756/1756.STARAligned.sortedByCoord.WASPfiltered.out.bam	A/A
1757	/u/home/c/cindywen/project-gandalm/isoform_twas/star/walker_sqtl_new/1757/1757.STARAligned.sortedByCoord.WASPfiltered.out.bam	G/A
1758	/u/home/c/cindywen/project-gandalm/isoform_twas/star/walker_sqtl_new/1758/1758.STARAligned.sortedByCoord.WASPfiltered.out.bam	G/A
1760	/u/home/c/cindywen/project-gandalm/isoform_twas/star/walker_sqtl_new/1760/1760.STARAligned.sortedByCoord.WASPfiltered.out.bam	G/G
1761	/u/home/c/cindywen/project-gandalm/isoform_twas/star/walker_sqtl_new/1761/1761.STARAligned.sortedByCoord.WASPfiltered.out.bam	G/A
1762	/u/home/c/cindywen/project-gandalm/isoform_twas/star/walker_sqtl_new/1762/1762.STARAligned.sortedByCoord.WASPfiltered.out.bam	G/A
1763	/u/home/c/cindywen/project-gandalm/isoform_twas/star/walker_sqtl_new/1763/1763.STARAligned.sortedByCoord.WASPfiltered.out.bam	A/A
1764	/u/home/c/cindywen/project-gandalm/isoform_twas/star/walker_sqtl_new/1764/1764.STARAligned.sortedByCoord.WASPfiltered.out.bam	G/A
1775	/u/home/c/cindywen/project-gandalm/isoform_twas/star/walker_sqtl_new/1775/1775.STARAligned.sortedByCoord.WASPfiltered.out.bam	G/G
1776	/u/home/c/cindywen/project-gandalm/isoform_twas/star/walker_sqtl_new/1776/1776.STARAligned.sortedByCoord.WASPfiltered.out.bam	G/A
1777	/u/home/c/cindywen/project-gandalm/isoform_twas/star/walker_sqtl_new/1777/1777.STARAligned.sortedByCoord.WASPfiltered.out.bam	G/A
1778	/u/home/c/cindywen/project-gandalm/isoform_twas/star/walker_sqtl_new/1778/1778.STARAligned.sortedByCoord.WASPfiltered.out.bam	A/A
1779	/u/home/c/cindywen/project-gandalm/isoform_twas/star/walker_sqtl_new/1779/1779.STARAligned.sortedByCoord.WASPfiltered.out.bam	G/A
1780	/u/home/c/cindywen/project-gandalm/isoform_twas/star/walker_sqtl_new/1780/1780.STARAligned.sortedByCoord.WASPfiltered.out.bam	G/G
1781	/u/home/c/cindywen/project-gandalm/isoform_twas/star/walker_sqtl_new/1781/1781.STARAligned.sortedByCoord.WASPfiltered.out.bam	G/G
1783	/u/home/c/cindywen/project-gandalm/isoform_twas/star/walker_sqtl_new/1783/1783.STARAligned.sortedByCoord.WASPfiltered.out.bam	G/A
1785	/u/home/c/cindywen/project-gandalm/isoform_twas/star/walker_sqtl_new/1785/1785.STARAligned.sortedByCoord.WASPfiltered.out.bam	G/G
1786	/u/home/c/cindywen/project-gandalm/isoform_twas/star/walker_sqtl_new/1786/1786.STARAligned.sortedByCoord.WASPfiltered.out.bam	A/A
1802	/u/home/c/cindywen/project-gandalm/isoform_twas/star/walker_sqtl_new/1802/1802.STARAligned.sortedByCoord.WASPfiltered.out.bam	G/A
1803	/u/home/c/cindywen/project-gandalm/isoform_twas/star/walker_sqtl_new/1803/1803.STARAligned.sortedByCoord.WASPfiltered.out.bam	G/A
1804	/u/home/c/cindywen/project-gandalm/isoform_twas/star/walker_sqtl_new/1804/1804.STARAligned.sortedByCoord.WASPfiltered.out.bam	G/A
1806	/u/home/c/cindywen/project-gandalm/isoform_twas/star/walker_sqtl_new/1806/1806.STARAligned.sortedByCoord.WASPfiltered.out.bam	G/G
1808	/u/home/c/cindywen/project-gandalm/isoform_twas/star/walker_sqtl_new/1808/1808.STARAligned.sortedByCoord.WASPfiltered.out.bam	G/G
1809	/u/home/c/cindywen/project-gandalm/isoform_twas/star/walker_sqtl_new/1809/1809.STARAligned.sortedByCoord.WASPfiltered.out.bam	G/G
1810	/u/home/c/cindywen/project-gandalm/isoform_twas/star/walker_sqtl_new/1810/1810.STARAligned.sortedByCoord.WASPfiltered.out.bam	G/G
1811	/u/home/c/cindywen/project-gandalm/isoform_twas/star/walker_sqtl_new/1811/1811.STARAligned.sortedByCoord.WASPfiltered.out.bam	G/A
1812	/u/home/c/cindywen/project-gandalm/isoform_twas/star/walker_sqtl_new/1812/1812.STARAligned.sortedByCoord.WASPfiltered.out.bam	G/A
1813	/u/home/c/cindywen/project-gandalm/isoform_twas/star/walker_sqtl_new/1813/1813.STARAligned.sortedByCoord.WASPfiltered.out.bam	G/A
1815	/u/home/c/cindywen/project-gandalm/isoform_twas/star/walker_sqtl_new/1815/1815.STARAligned.sortedByCoord.WASPfiltered.out.bam	G/G
1816	/u/home/c/cindywen/project-gandalm/isoform_twas/star/walker_sqtl_new/1816/1816.STARAligned.sortedByCoord.WASPfiltered.out.bam	G/G
1817	/u/home/c/cindywen/project-gandalm/isoform_twas/star/walker_sqtl_new/1817/1817.STARAligned.sortedByCoord.WASPfiltered.out.bam	G/G
1818	/u/home/c/cindywen/project-gandalm/isoform_twas/star/walker_sqtl_new/1818/1818.STARAligned.sortedByCoord.WASPfiltered.out.bam	A/A
1819	/u/home/c/cindywen/project-gandalm/isoform_twas/star/walker_sqtl_new/1819/1819.STARAligned.sortedByCoord.WASPfiltered.out.bam	G/G
1820	/u/home/c/cindywen/project-gandalm/isoform_twas/star/walker_sqtl_new/1820/1820.STARAligned.sortedByCoord.WASPfiltered.out.bam	G/A
1821	/u/home/c/cindywen/project-gandalm/isoform_twas/star/walker_sqtl_new/1821/1821.STARAligned.sortedByCoord.WASPfiltered.out.bam	G/G
1822	/u/home/c/cindywen/project-gandalm/isoform_twas/star/walker_sqtl_new/1822/1822.STARAligned.sortedByCoord.WASPfiltered.out.bam	G/G
1829	/u/home/c/cindywen/project-gandalm/isoform_twas/star/walker_sqtl_new/1829/1829.STARAligned.sortedByCoord.WASPfiltered.out.bam	G/A
1830	/u/home/c/cindywen/project-gandalm/isoform_twas/star/walker_sqtl_new/1830/1830.STARAligned.sortedByCoord.WASPfiltered.out.bam	G/A
1835	/u/home/c/cindywen/project-gandalm/isoform_twas/star/hdbr_sqtl_new/1835/1835.STARAligned.sortedByCoord.WASPfiltered.out.bam	G/G
1851	/u/home/c/cindywen/project-gandalm/isoform_twas/star/hdbr_sqtl_new/1851/1851.STARAligned.sortedByCoord.WASPfiltered.out.bam	G/G
1874	/u/home/c/cindywen/project-gandalm/isoform_twas/star/hdbr_sqtl_new/1874/1874.STARAligned.sortedByCoord.WASPfiltered.out.bam	A/A
1890	/u/home/c/cindywen/project-gandalm/isoform_twas/star/hdbr_sqtl_new/1890/1890.STARAligned.sortedByCoord.WASPfiltered.out.bam	A/A
1923	/u/home/c/cindywen/project-gandalm/isoform_twas/star/hdbr_sqtl_new/1923/1923.STARAligned.sortedByCoord.WASPfiltered.out.bam	G/G
2193	/u/home/c/cindywen/project-gandalm/isoform_twas/star/hdbr_sqtl_new/2193/2193.STARAligned.sortedByCoord.WASPfiltered.out.bam	A/A
11118	/u/home/c/cindywen/project-gandalm/isoform_twas/star/hdbr_sqtl_new/11118/11118.STARAligned.sortedByCoord.WASPfiltered.out.bam	A/A
11120	/u/home/c/cindywen/project-gandalm/isoform_twas/star/hdbr_sqtl_new/11120/11120.STARAligned.sortedByCoord.WASPfiltered.out.bam	G/A
11121	/u/home/c/cindywen/project-gandalm/isoform_twas/star/hdbr_sqtl_new/11121/11121.STARAligned.sortedByCoord.WASPfiltered.out.bam	G/A
11122	/u/home/c/cindywen/project-gandalm/isoform_twas/star/hdbr_sqtl_new/11122/11122.STARAligned.sortedByCoord.WASPfiltered.out.bam	A/A
11143	/u/home/c/cindywen/project-gandalm/isoform_twas/star/hdbr_sqtl_new/11143/11143.STARAligned.sortedByCoord.WASPfiltered.out.bam	G/A
11144	/u/home/c/cindywen/project-gandalm/isoform_twas/star/hdbr_sqtl_new/11144/11144.STARAligned.sortedByCoord.WASPfiltered.out.bam	G/A
11149	/u/home/c/cindywen/project-gandalm/isoform_twas/star/hdbr_sqtl_new/11149/11149.STARAligned.sortedByCoord.WASPfiltered.out.bam	G/A
11156	/u/home/c/cindywen/project-gandalm/isoform_twas/star/hdbr_sqtl_new/11156/11156.STARAligned.sortedByCoord.WASPfiltered.out.bam	G/A
11160	/u/home/c/cindywen/project-gandalm/isoform_twas/star/hdbr_sqtl_new/11160/11160.STARAligned.sortedByCoord.WASPfiltered.out.bam	G/G
11165	/u/home/c/cindywen/project-gandalm/isoform_twas/star/hdbr_sqtl_new/11165/11165.STARAligned.sortedByCoord.WASPfiltered.out.bam	G/A
11234	/u/home/c/cindywen/project-gandalm/isoform_twas/star/hdbr_sqtl_new/11234/11234.STARAligned.sortedByCoord.WASPfiltered.out.bam	G/G
11237	/u/home/c/cindywen/project-gandalm/isoform_twas/star/hdbr_sqtl_new/11237/11237.STARAligned.sortedByCoord.WASPfiltered.out.bam	G/A
11238	/u/home/c/cindywen/project-gandalm/isoform_twas/star/hdbr_sqtl_new/11238/11238.STARAligned.sortedByCoord.WASPfiltered.out.bam	G/A
11245	/u/home/c/cindywen/project-gandalm/isoform_twas/star/hdbr_sqtl_new/11245/11245.STARAligned.sortedByCoord.WASPfiltered.out.bam	G/A
11254	/u/home/c/cindywen/project-gandalm/isoform_twas/star/hdbr_sqtl_new/11254/11254.STARAligned.sortedByCoord.WASPfiltered.out.bam	A/A
11286	/u/home/c/cindywen/project-gandalm/isoform_twas/star/hdbr_sqtl_new/11286/11286.STARAligned.sortedByCoord.WASPfiltered.out.bam	G/A
11287	/u/home/c/cindywen/project-gandalm/isoform_twas/star/hdbr_sqtl_new/11287/11287.STARAligned.sortedByCoord.WASPfiltered.out.bam	A/A
11300	/u/home/c/cindywen/project-gandalm/isoform_twas/star/hdbr_sqtl_new/11300/11300.STARAligned.sortedByCoord.WASPfiltered.out.bam	G/A
11304	/u/home/c/cindywen/project-gandalm/isoform_twas/star/hdbr_sqtl_new/11304/11304.STARAligned.sortedByCoord.WASPfiltered.out.bam	G/A
11305	/u/home/c/cindywen/project-gandalm/isoform_twas/star/hdbr_sqtl_new/11305/11305.STARAligned.sortedByCoord.WASPfiltered.out.bam	G/A
11309	/u/home/c/cindywen/project-gandalm/isoform_twas/star/hdbr_sqtl_new/11309/11309.STARAligned.sortedByCoord.WASPfiltered.out.bam	G/A
11312	/u/home/c/cindywen/project-gandalm/isoform_twas/star/hdbr_sqtl_new/11312/11312.STARAligned.sortedByCoord.WASPfiltered.out.bam	A/A
11317	/u/home/c/cindywen/project-gandalm/isoform_twas/star/hdbr_sqtl_new/11317/11317.STARAligned.sortedByCoord.WASPfiltered.out.bam	G/A
11318	/u/home/c/cindywen/project-gandalm/isoform_twas/star/hdbr_sqtl_new/11318/11318.STARAligned.sortedByCoord.WASPfiltered.out.bam	G/A
11320	/u/home/c/cindywen/project-gandalm/isoform_twas/star/hdbr_sqtl_new/11320/11320.STARAligned.sortedByCoord.WASPfiltered.out.bam	G/G
11321	/u/home/c/cindywen/project-gandalm/isoform_twas/star/hdbr_sqtl_new/11321/11321.STARAligned.sortedByCoord.WASPfiltered.out.bam	G/G
11322	/u/home/c/cindywen/project-gandalm/isoform_twas/star/hdbr_sqtl_new/11322/11322.STARAligned.sortedByCoord.WASPfiltered.out.bam	G/A
11323	/u/home/c/cindywen/project-gandalm/isoform_twas/star/hdbr_sqtl_new/11323/11323.STARAligned.sortedByCoord.WASPfiltered.out.bam	G/A
11334	/u/home/c/cindywen/project-gandalm/isoform_twas/star/hdbr_sqtl_new/11334/11334.STARAligned.sortedByCoord.WASPfiltered.out.bam	A/A
11349	/u/home/c/cindywen/project-gandalm/isoform_twas/star/hdbr_sqtl_new/11349/11349.STARAligned.sortedByCoord.WASPfiltered.out.bam	G/A
11354	/u/home/c/cindywen/project-gandalm/isoform_twas/star/hdbr_sqtl_new/11354/11354.STARAligned.sortedByCoord.WASPfiltered.out.bam	G/A
11363	/u/home/c/cindywen/project-gandalm/isoform_twas/star/hdbr_sqtl_new/11363/11363.STARAligned.sortedByCoord.WASPfiltered.out.bam	G/A
11373	/u/home/c/cindywen/project-gandalm/isoform_twas/star/hdbr_sqtl_new/11373/11373.STARAligned.sortedByCoord.WASPfiltered.out.bam	G/A
11382	/u/home/c/cindywen/project-gandalm/isoform_twas/star/hdbr_sqtl_new/11382/11382.STARAligned.sortedByCoord.WASPfiltered.out.bam	G/A
11395	/u/home/c/cindywen/project-gandalm/isoform_twas/star/hdbr_sqtl_new/11395/11395.STARAligned.sortedByCoord.WASPfiltered.out.bam	A/A
11396	/u/home/c/cindywen/project-gandalm/isoform_twas/star/obrien_sqtl_new/11396/11396.STARAligned.sortedByCoord.WASPfiltered.out.bam	G/G
11397	/u/home/c/cindywen/project-gandalm/isoform_twas/star/hdbr_sqtl_new/11397/11397.STARAligned.sortedByCoord.WASPfiltered.out.bam	G/A
11402	/u/home/c/cindywen/project-gandalm/isoform_twas/star/hdbr_sqtl_new/11402/11402.STARAligned.sortedByCoord.WASPfiltered.out.bam	G/A
11410	/u/home/c/cindywen/project-gandalm/isoform_twas/star/hdbr_sqtl_new/11410/11410.STARAligned.sortedByCoord.WASPfiltered.out.bam	A/A
11423	/u/home/c/cindywen/project-gandalm/isoform_twas/star/hdbr_sqtl_new/11423/11423.STARAligned.sortedByCoord.WASPfiltered.out.bam	G/A
11424	/u/home/c/cindywen/project-gandalm/isoform_twas/star/hdbr_sqtl_new/11424/11424.STARAligned.sortedByCoord.WASPfiltered.out.bam	G/A
11429	/u/home/c/cindywen/project-gandalm/isoform_twas/star/hdbr_sqtl_new/11429/11429.STARAligned.sortedByCoord.WASPfiltered.out.bam	A/A
11443	/u/home/c/cindywen/project-gandalm/isoform_twas/star/hdbr_sqtl_new/11443/11443.STARAligned.sortedByCoord.WASPfiltered.out.bam	G/A
11444	/u/home/c/cindywen/project-gandalm/isoform_twas/star/hdbr_sqtl_new/11444/11444.STARAligned.sortedByCoord.WASPfiltered.out.bam	G/A
11446	/u/home/c/cindywen/project-gandalm/isoform_twas/star/hdbr_sqtl_new/11446/11446.STARAligned.sortedByCoord.WASPfiltered.out.bam	G/A
11449	/u/home/c/cindywen/project-gandalm/isoform_twas/star/hdbr_sqtl_new/11449/11449.STARAligned.sortedByCoord.WASPfiltered.out.bam	A/A
11451	/u/home/c/cindywen/project-gandalm/isoform_twas/star/hdbr_sqtl_new/11451/11451.STARAligned.sortedByCoord.WASPfiltered.out.bam	G/G
11456	/u/home/c/cindywen/project-gandalm/isoform_twas/star/hdbr_sqtl_new/11456/11456.STARAligned.sortedByCoord.WASPfiltered.out.bam	A/A
11457	/u/home/c/cindywen/project-gandalm/isoform_twas/star/hdbr_sqtl_new/11457/11457.STARAligned.sortedByCoord.WASPfiltered.out.bam	G/A
11464	/u/home/c/cindywen/project-gandalm/isoform_twas/star/hdbr_sqtl_new/11464/11464.STARAligned.sortedByCoord.WASPfiltered.out.bam	G/A
11469	/u/home/c/cindywen/project-gandalm/isoform_twas/star/hdbr_sqtl_new/11469/11469.STARAligned.sortedByCoord.WASPfiltered.out.bam	A/A
11470	/u/home/c/cindywen/project-gandalm/isoform_twas/star/hdbr_sqtl_new/11470/11470.STARAligned.sortedByCoord.WASPfiltered.out.bam	G/G
11471	/u/home/c/cindywen/project-gandalm/isoform_twas/star/hdbr_sqtl_new/11471/11471.STARAligned.sortedByCoord.WASPfiltered.out.bam	A/A
11489	/u/home/c/cindywen/project-gandalm/isoform_twas/star/hdbr_sqtl_new/11489/11489.STARAligned.sortedByCoord.WASPfiltered.out.bam	G/A
11492	/u/home/c/cindywen/project-gandalm/isoform_twas/star/hdbr_sqtl_new/11492/11492.STARAligned.sortedByCoord.WASPfiltered.out.bam	A/A
11494	/u/home/c/cindywen/project-gandalm/isoform_twas/star/hdbr_sqtl_new/11494/11494.STARAligned.sortedByCoord.WASPfiltered.out.bam	G/A
11496	/u/home/c/cindywen/project-gandalm/isoform_twas/star/hdbr_sqtl_new/11496/11496.STARAligned.sortedByCoord.WASPfiltered.out.bam	G/A
11501	/u/home/c/cindywen/project-gandalm/isoform_twas/star/hdbr_sqtl_new/11501/11501.STARAligned.sortedByCoord.WASPfiltered.out.bam	G/G
11511	/u/home/c/cindywen/project-gandalm/isoform_twas/star/obrien_sqtl_new/11511/11511.STARAligned.sortedByCoord.WASPfiltered.out.bam	G/A
11513	/u/home/c/cindywen/project-gandalm/isoform_twas/star/hdbr_sqtl_new/11513/11513.STARAligned.sortedByCoord.WASPfiltered.out.bam	G/G
11514	/u/home/c/cindywen/project-gandalm/isoform_twas/star/hdbr_sqtl_new/11514/11514.STARAligned.sortedByCoord.WASPfiltered.out.bam	G/A
11566	/u/home/c/cindywen/project-gandalm/isoform_twas/star/hdbr_sqtl_new/11566/11566.STARAligned.sortedByCoord.WASPfiltered.out.bam	G/A
11573	/u/home/c/cindywen/project-gandalm/isoform_twas/star/hdbr_sqtl_new/11573/11573.STARAligned.sortedByCoord.WASPfiltered.out.bam	G/G
11580	/u/home/c/cindywen/project-gandalm/isoform_twas/star/hdbr_sqtl_new/11580/11580.STARAligned.sortedByCoord.WASPfiltered.out.bam	A/A
11581	/u/home/c/cindywen/project-gandalm/isoform_twas/star/hdbr_sqtl_new/11581/11581.STARAligned.sortedByCoord.WASPfiltered.out.bam	A/A
11589	/u/home/c/cindywen/project-gandalm/isoform_twas/star/hdbr_sqtl_new/11589/11589.STARAligned.sortedByCoord.WASPfiltered.out.bam	A/A
11606	/u/home/c/cindywen/project-gandalm/isoform_twas/star/hdbr_sqtl_new/11606/11606.STARAligned.sortedByCoord.WASPfiltered.out.bam	A/A
11609	/u/home/c/cindywen/project-gandalm/isoform_twas/star/hdbr_sqtl_new/11609/11609.STARAligned.sortedByCoord.WASPfiltered.out.bam	G/A
11626	/u/home/c/cindywen/project-gandalm/isoform_twas/star/hdbr_sqtl_new/11626/11626.STARAligned.sortedByCoord.WASPfiltered.out.bam	A/A
11627	/u/home/c/cindywen/project-gandalm/isoform_twas/star/hdbr_sqtl_new/11627/11627.STARAligned.sortedByCoord.WASPfiltered.out.bam	G/A
11653	/u/home/c/cindywen/project-gandalm/isoform_twas/star/hdbr_sqtl_new/11653/11653.STARAligned.sortedByCoord.WASPfiltered.out.bam	G/G
11654	/u/home/c/cindywen/project-gandalm/isoform_twas/star/obrien_sqtl_new/11654/11654.STARAligned.sortedByCoord.WASPfiltered.out.bam	A/A
11656	/u/home/c/cindywen/project-gandalm/isoform_twas/star/hdbr_sqtl_new/11656/11656.STARAligned.sortedByCoord.WASPfiltered.out.bam	G/A
11666	/u/home/c/cindywen/project-gandalm/isoform_twas/star/hdbr_sqtl_new/11666/11666.STARAligned.sortedByCoord.WASPfiltered.out.bam	G/G
11683	/u/home/c/cindywen/project-gandalm/isoform_twas/star/hdbr_sqtl_new/11683/11683.STARAligned.sortedByCoord.WASPfiltered.out.bam	G/A
11769	/u/home/c/cindywen/project-gandalm/isoform_twas/star/hdbr_sqtl_new/11769/11769.STARAligned.sortedByCoord.WASPfiltered.out.bam	A/A
11770	/u/home/c/cindywen/project-gandalm/isoform_twas/star/hdbr_sqtl_new/11770/11770.STARAligned.sortedByCoord.WASPfiltered.out.bam	A/A
11787	/u/home/c/cindywen/project-gandalm/isoform_twas/star/hdbr_sqtl_new/11787/11787.STARAligned.sortedByCoord.WASPfiltered.out.bam	A/A
11793	/u/home/c/cindywen/project-gandalm/isoform_twas/star/hdbr_sqtl_new/11793/11793.STARAligned.sortedByCoord.WASPfiltered.out.bam	G/G
11794	/u/home/c/cindywen/project-gandalm/isoform_twas/star/hdbr_sqtl_new/11794/11794.STARAligned.sortedByCoord.WASPfiltered.out.bam	G/A
11798	/u/home/c/cindywen/project-gandalm/isoform_twas/star/hdbr_sqtl_new/11798/11798.STARAligned.sortedByCoord.WASPfiltered.out.bam	G/A
11800	/u/home/c/cindywen/project-gandalm/isoform_twas/star/hdbr_sqtl_new/11800/11800.STARAligned.sortedByCoord.WASPfiltered.out.bam	A/A
11801	/u/home/c/cindywen/project-gandalm/isoform_twas/star/hdbr_sqtl_new/11801/11801.STARAligned.sortedByCoord.WASPfiltered.out.bam	A/A
11806	/u/home/c/cindywen/project-gandalm/isoform_twas/star/hdbr_sqtl_new/11806/11806.STARAligned.sortedByCoord.WASPfiltered.out.bam	G/A
11808	/u/home/c/cindywen/project-gandalm/isoform_twas/star/hdbr_sqtl_new/11808/11808.STARAligned.sortedByCoord.WASPfiltered.out.bam	A/A
11810	/u/home/c/cindywen/project-gandalm/isoform_twas/star/hdbr_sqtl_new/11810/11810.STARAligned.sortedByCoord.WASPfiltered.out.bam	G/A
11811	/u/home/c/cindywen/project-gandalm/isoform_twas/star/hdbr_sqtl_new/11811/11811.STARAligned.sortedByCoord.WASPfiltered.out.bam	G/A
11814	/u/home/c/cindywen/project-gandalm/isoform_twas/star/hdbr_sqtl_new/11814/11814.STARAligned.sortedByCoord.WASPfiltered.out.bam	G/G
11815	/u/home/c/cindywen/project-gandalm/isoform_twas/star/hdbr_sqtl_new/11815/11815.STARAligned.sortedByCoord.WASPfiltered.out.bam	A/A
11817	/u/home/c/cindywen/project-gandalm/isoform_twas/star/hdbr_sqtl_new/11817/11817.STARAligned.sortedByCoord.WASPfiltered.out.bam	G/G
11819	/u/home/c/cindywen/project-gandalm/isoform_twas/star/hdbr_sqtl_new/11819/11819.STARAligned.sortedByCoord.WASPfiltered.out.bam	G/G
11820	/u/home/c/cindywen/project-gandalm/isoform_twas/star/hdbr_sqtl_new/11820/11820.STARAligned.sortedByCoord.WASPfiltered.out.bam	A/A
11823	/u/home/c/cindywen/project-gandalm/isoform_twas/star/hdbr_sqtl_new/11823/11823.STARAligned.sortedByCoord.WASPfiltered.out.bam	A/A
11824	/u/home/c/cindywen/project-gandalm/isoform_twas/star/hdbr_sqtl_new/11824/11824.STARAligned.sortedByCoord.WASPfiltered.out.bam	G/G
11826	/u/home/c/cindywen/project-gandalm/isoform_twas/star/hdbr_sqtl_new/11826/11826.STARAligned.sortedByCoord.WASPfiltered.out.bam	G/A
11827	/u/home/c/cindywen/project-gandalm/isoform_twas/star/hdbr_sqtl_new/11827/11827.STARAligned.sortedByCoord.WASPfiltered.out.bam	G/A
11828	/u/home/c/cindywen/project-gandalm/isoform_twas/star/hdbr_sqtl_new/11828/11828.STARAligned.sortedByCoord.WASPfiltered.out.bam	G/G
11829	/u/home/c/cindywen/project-gandalm/isoform_twas/star/hdbr_sqtl_new/11829/11829.STARAligned.sortedByCoord.WASPfiltered.out.bam	G/G
11830	/u/home/c/cindywen/project-gandalm/isoform_twas/star/hdbr_sqtl_new/11830/11830.STARAligned.sortedByCoord.WASPfiltered.out.bam	G/G
11831	/u/home/c/cindywen/project-gandalm/isoform_twas/star/hdbr_sqtl_new/11831/11831.STARAligned.sortedByCoord.WASPfiltered.out.bam	G/A
11832	/u/home/c/cindywen/project-gandalm/isoform_twas/star/hdbr_sqtl_new/11832/11832.STARAligned.sortedByCoord.WASPfiltered.out.bam	G/A
11833	/u/home/c/cindywen/project-gandalm/isoform_twas/star/hdbr_sqtl_new/11833/11833.STARAligned.sortedByCoord.WASPfiltered.out.bam	G/A
11834	/u/home/c/cindywen/project-gandalm/isoform_twas/star/obrien_sqtl_new/11834/11834.STARAligned.sortedByCoord.WASPfiltered.out.bam	G/A
11837	/u/home/c/cindywen/project-gandalm/isoform_twas/star/hdbr_sqtl_new/11837/11837.STARAligned.sortedByCoord.WASPfiltered.out.bam	G/A
11840	/u/home/c/cindywen/project-gandalm/isoform_twas/star/hdbr_sqtl_new/11840/11840.STARAligned.sortedByCoord.WASPfiltered.out.bam	G/G
11843	/u/home/c/cindywen/project-gandalm/isoform_twas/star/hdbr_sqtl_new/11843/11843.STARAligned.sortedByCoord.WASPfiltered.out.bam	G/A
11844	/u/home/c/cindywen/project-gandalm/isoform_twas/star/obrien_sqtl_new/11844/11844.STARAligned.sortedByCoord.WASPfiltered.out.bam	A/A
11845	/u/home/c/cindywen/project-gandalm/isoform_twas/star/hdbr_sqtl_new/11845/11845.STARAligned.sortedByCoord.WASPfiltered.out.bam	A/A
11846	/u/home/c/cindywen/project-gandalm/isoform_twas/star/hdbr_sqtl_new/11846/11846.STARAligned.sortedByCoord.WASPfiltered.out.bam	A/A
11848	/u/home/c/cindywen/project-gandalm/isoform_twas/star/hdbr_sqtl_new/11848/11848.STARAligned.sortedByCoord.WASPfiltered.out.bam	G/A
11849	/u/home/c/cindywen/project-gandalm/isoform_twas/star/hdbr_sqtl_new/11849/11849.STARAligned.sortedByCoord.WASPfiltered.out.bam	G/G
11851	/u/home/c/cindywen/project-gandalm/isoform_twas/star/hdbr_sqtl_new/11851/11851.STARAligned.sortedByCoord.WASPfiltered.out.bam	A/A
11854	/u/home/c/cindywen/project-gandalm/isoform_twas/star/hdbr_sqtl_new/11854/11854.STARAligned.sortedByCoord.WASPfiltered.out.bam	A/A
11856	/u/home/c/cindywen/project-gandalm/isoform_twas/star/hdbr_sqtl_new/11856/11856.STARAligned.sortedByCoord.WASPfiltered.out.bam	G/A
11858	/u/home/c/cindywen/project-gandalm/isoform_twas/star/hdbr_sqtl_new/11858/11858.STARAligned.sortedByCoord.WASPfiltered.out.bam	G/G
11859	/u/home/c/cindywen/project-gandalm/isoform_twas/star/hdbr_sqtl_new/11859/11859.STARAligned.sortedByCoord.WASPfiltered.out.bam	G/A
11865	/u/home/c/cindywen/project-gandalm/isoform_twas/star/hdbr_sqtl_new/11865/11865.STARAligned.sortedByCoord.WASPfiltered.out.bam	G/A
11868	/u/home/c/cindywen/project-gandalm/isoform_twas/star/hdbr_sqtl_new/11868/11868.STARAligned.sortedByCoord.WASPfiltered.out.bam	G/A
11869	/u/home/c/cindywen/project-gandalm/isoform_twas/star/hdbr_sqtl_new/11869/11869.STARAligned.sortedByCoord.WASPfiltered.out.bam	G/A
11871	/u/home/c/cindywen/project-gandalm/isoform_twas/star/hdbr_sqtl_new/11871/11871.STARAligned.sortedByCoord.WASPfiltered.out.bam	G/A
11873	/u/home/c/cindywen/project-gandalm/isoform_twas/star/hdbr_sqtl_new/11873/11873.STARAligned.sortedByCoord.WASPfiltered.out.bam	G/A
11874	/u/home/c/cindywen/project-gandalm/isoform_twas/star/hdbr_sqtl_new/11874/11874.STARAligned.sortedByCoord.WASPfiltered.out.bam	A/A
11875	/u/home/c/cindywen/project-gandalm/isoform_twas/star/obrien_sqtl_new/11875/11875.STARAligned.sortedByCoord.WASPfiltered.out.bam	G/A
11876	/u/home/c/cindywen/project-gandalm/isoform_twas/star/hdbr_sqtl_new/11876/11876.STARAligned.sortedByCoord.WASPfiltered.out.bam	G/G
11878	/u/home/c/cindywen/project-gandalm/isoform_twas/star/hdbr_sqtl_new/11878/11878.STARAligned.sortedByCoord.WASPfiltered.out.bam	G/G
11880	/u/home/c/cindywen/project-gandalm/isoform_twas/star/hdbr_sqtl_new/11880/11880.STARAligned.sortedByCoord.WASPfiltered.out.bam	A/A
11881	/u/home/c/cindywen/project-gandalm/isoform_twas/star/hdbr_sqtl_new/11881/11881.STARAligned.sortedByCoord.WASPfiltered.out.bam	G/A
11882	/u/home/c/cindywen/project-gandalm/isoform_twas/star/hdbr_sqtl_new/11882/11882.STARAligned.sortedByCoord.WASPfiltered.out.bam	G/A
11884	/u/home/c/cindywen/project-gandalm/isoform_twas/star/hdbr_sqtl_new/11884/11884.STARAligned.sortedByCoord.WASPfiltered.out.bam	A/A
11885	/u/home/c/cindywen/project-gandalm/isoform_twas/star/obrien_sqtl_new/11885/11885.STARAligned.sortedByCoord.WASPfiltered.out.bam	G/A
11892	/u/home/c/cindywen/project-gandalm/isoform_twas/star/obrien_sqtl_new/11892/11892.STARAligned.sortedByCoord.WASPfiltered.out.bam	G/A
11893	/u/home/c/cindywen/project-gandalm/isoform_twas/star/hdbr_sqtl_new/11893/11893.STARAligned.sortedByCoord.WASPfiltered.out.bam	G/A
11900	/u/home/c/cindywen/project-gandalm/isoform_twas/star/obrien_sqtl_new/11900/11900.STARAligned.sortedByCoord.WASPfiltered.out.bam	A/A
11903	/u/home/c/cindywen/project-gandalm/isoform_twas/star/hdbr_sqtl_new/11903/11903.STARAligned.sortedByCoord.WASPfiltered.out.bam	G/A
11907	/u/home/c/cindywen/project-gandalm/isoform_twas/star/obrien_sqtl_new/11907/11907.STARAligned.sortedByCoord.WASPfiltered.out.bam	A/A
11918	/u/home/c/cindywen/project-gandalm/isoform_twas/star/hdbr_sqtl_new/11918/11918.STARAligned.sortedByCoord.WASPfiltered.out.bam	G/A
11920	/u/home/c/cindywen/project-gandalm/isoform_twas/star/hdbr_sqtl_new/11920/11920.STARAligned.sortedByCoord.WASPfiltered.out.bam	G/G
11921	/u/home/c/cindywen/project-gandalm/isoform_twas/star/obrien_sqtl_new/11921/11921.STARAligned.sortedByCoord.WASPfiltered.out.bam	A/A
11928	/u/home/c/cindywen/project-gandalm/isoform_twas/star/obrien_sqtl_new/11928/11928.STARAligned.sortedByCoord.WASPfiltered.out.bam	A/A
11930	/u/home/c/cindywen/project-gandalm/isoform_twas/star/hdbr_sqtl_new/11930/11930.STARAligned.sortedByCoord.WASPfiltered.out.bam	G/A
11931	/u/home/c/cindywen/project-gandalm/isoform_twas/star/hdbr_sqtl_new/11931/11931.STARAligned.sortedByCoord.WASPfiltered.out.bam	G/A
11942	/u/home/c/cindywen/project-gandalm/isoform_twas/star/hdbr_sqtl_new/11942/11942.STARAligned.sortedByCoord.WASPfiltered.out.bam	G/A
11947	/u/home/c/cindywen/project-gandalm/isoform_twas/star/hdbr_sqtl_new/11947/11947.STARAligned.sortedByCoord.WASPfiltered.out.bam	G/A
11952	/u/home/c/cindywen/project-gandalm/isoform_twas/star/obrien_sqtl_new/11952/11952.STARAligned.sortedByCoord.WASPfiltered.out.bam	G/A
11971	/u/home/c/cindywen/project-gandalm/isoform_twas/star/obrien_sqtl_new/11971/11971.STARAligned.sortedByCoord.WASPfiltered.out.bam	G/A
12007	/u/home/c/cindywen/project-gandalm/isoform_twas/star/hdbr_sqtl_new/12007/12007.STARAligned.sortedByCoord.WASPfiltered.out.bam	G/G
12107	/u/home/c/cindywen/project-gandalm/isoform_twas/star/obrien_sqtl_new/12107/12107.STARAligned.sortedByCoord.WASPfiltered.out.bam	G/G
12116	/u/home/c/cindywen/project-gandalm/isoform_twas/star/obrien_sqtl_new/12116/12116.STARAligned.sortedByCoord.WASPfiltered.out.bam	G/G
12134	/u/home/c/cindywen/project-gandalm/isoform_twas/star/obrien_sqtl_new/12134/12134.STARAligned.sortedByCoord.WASPfiltered.out.bam	G/G
12152	/u/home/c/cindywen/project-gandalm/isoform_twas/star/obrien_sqtl_new/12152/12152.STARAligned.sortedByCoord.WASPfiltered.out.bam	G/A
12153	/u/home/c/cindywen/project-gandalm/isoform_twas/star/obrien_sqtl_new/12153/12153.STARAligned.sortedByCoord.WASPfiltered.out.bam	A/A
12545	/u/home/c/cindywen/project-gandalm/isoform_twas/star/obrien_sqtl_new/12545/12545.STARAligned.sortedByCoord.WASPfiltered.out.bam	G/G
12546	/u/home/c/cindywen/project-gandalm/isoform_twas/star/obrien_sqtl_new/12546/12546.STARAligned.sortedByCoord.WASPfiltered.out.bam	A/A
12680	/u/home/c/cindywen/project-gandalm/isoform_twas/star/obrien_sqtl_new/12680/12680.STARAligned.sortedByCoord.WASPfiltered.out.bam	G/A
12972	/u/home/c/cindywen/project-gandalm/isoform_twas/star/obrien_sqtl_new/12972/12972.STARAligned.sortedByCoord.WASPfiltered.out.bam	G/A
12993	/u/home/c/cindywen/project-gandalm/isoform_twas/star/obrien_sqtl_new/12993/12993.STARAligned.sortedByCoord.WASPfiltered.out.bam	A/A
12994	/u/home/c/cindywen/project-gandalm/isoform_twas/star/obrien_sqtl_new/12994/12994.STARAligned.sortedByCoord.WASPfiltered.out.bam	G/A
13117	/u/home/c/cindywen/project-gandalm/isoform_twas/star/obrien_sqtl_new/13117/13117.STARAligned.sortedByCoord.WASPfiltered.out.bam	G/G
13142	/u/home/c/cindywen/project-gandalm/isoform_twas/star/obrien_sqtl_new/13142/13142.STARAligned.sortedByCoord.WASPfiltered.out.bam	G/A
13144	/u/home/c/cindywen/project-gandalm/isoform_twas/star/obrien_sqtl_new/13144/13144.STARAligned.sortedByCoord.WASPfiltered.out.bam	G/A
15240	/u/home/c/cindywen/project-gandalm/isoform_twas/star/obrien_sqtl_new/15240/15240.STARAligned.sortedByCoord.WASPfiltered.out.bam	A/A
15296	/u/home/c/cindywen/project-gandalm/isoform_twas/star/obrien_sqtl_new/15296/15296.STARAligned.sortedByCoord.WASPfiltered.out.bam	G/A
15329	/u/home/c/cindywen/project-gandalm/isoform_twas/star/obrien_sqtl_new/15329/15329.STARAligned.sortedByCoord.WASPfiltered.out.bam	G/G
15468	/u/home/c/cindywen/project-gandalm/isoform_twas/star/obrien_sqtl_new/15468/15468.STARAligned.sortedByCoord.WASPfiltered.out.bam	G/G
15533	/u/home/c/cindywen/project-gandalm/isoform_twas/star/obrien_sqtl_new/15533/15533.STARAligned.sortedByCoord.WASPfiltered.out.bam	G/G
15655	/u/home/c/cindywen/project-gandalm/isoform_twas/star/obrien_sqtl_new/15655/15655.STARAligned.sortedByCoord.WASPfiltered.out.bam	G/A
15768	/u/home/c/cindywen/project-gandalm/isoform_twas/star/obrien_sqtl_new/15768/15768.STARAligned.sortedByCoord.WASPfiltered.out.bam	A/A
16117	/u/home/c/cindywen/project-gandalm/isoform_twas/star/obrien_sqtl_new/16117/16117.STARAligned.sortedByCoord.WASPfiltered.out.bam	G/A
16286	/u/home/c/cindywen/project-gandalm/isoform_twas/star/obrien_sqtl_new/16286/16286.STARAligned.sortedByCoord.WASPfiltered.out.bam	G/A
16428	/u/home/c/cindywen/project-gandalm/isoform_twas/star/obrien_sqtl_new/16428/16428.STARAligned.sortedByCoord.WASPfiltered.out.bam	G/G
16483	/u/home/c/cindywen/project-gandalm/isoform_twas/star/obrien_sqtl_new/16483/16483.STARAligned.sortedByCoord.WASPfiltered.out.bam	G/A
16488	/u/home/c/cindywen/project-gandalm/isoform_twas/star/obrien_sqtl_new/16488/16488.STARAligned.sortedByCoord.WASPfiltered.out.bam	G/G
16548	/u/home/c/cindywen/project-gandalm/isoform_twas/star/obrien_sqtl_new/16548/16548.STARAligned.sortedByCoord.WASPfiltered.out.bam	G/A
16640	/u/home/c/cindywen/project-gandalm/isoform_twas/star/obrien_sqtl_new/16640/16640.STARAligned.sortedByCoord.WASPfiltered.out.bam	G/G
16649	/u/home/c/cindywen/project-gandalm/isoform_twas/star/obrien_sqtl_new/16649/16649.STARAligned.sortedByCoord.WASPfiltered.out.bam	G/A
16810	/u/home/c/cindywen/project-gandalm/isoform_twas/star/obrien_sqtl_new/16810/16810.STARAligned.sortedByCoord.WASPfiltered.out.bam	A/A
16826	/u/home/c/cindywen/project-gandalm/isoform_twas/star/obrien_sqtl_new/16826/16826.STARAligned.sortedByCoord.WASPfiltered.out.bam	G/A
16840	/u/home/c/cindywen/project-gandalm/isoform_twas/star/obrien_sqtl_new/16840/16840.STARAligned.sortedByCoord.WASPfiltered.out.bam	A/A
16859	/u/home/c/cindywen/project-gandalm/isoform_twas/star/obrien_sqtl_new/16859/16859.STARAligned.sortedByCoord.WASPfiltered.out.bam	G/A
16929	/u/home/c/cindywen/project-gandalm/isoform_twas/star/obrien_sqtl_new/16929/16929.STARAligned.sortedByCoord.WASPfiltered.out.bam	G/A
17013	/u/home/c/cindywen/project-gandalm/isoform_twas/star/obrien_sqtl_new/17013/17013.STARAligned.sortedByCoord.WASPfiltered.out.bam	G/A
17049	/u/home/c/cindywen/project-gandalm/isoform_twas/star/obrien_sqtl_new/17049/17049.STARAligned.sortedByCoord.WASPfiltered.out.bam	G/G
17053	/u/home/c/cindywen/project-gandalm/isoform_twas/star/obrien_sqtl_new/17053/17053.STARAligned.sortedByCoord.WASPfiltered.out.bam	G/A
17054	/u/home/c/cindywen/project-gandalm/isoform_twas/star/obrien_sqtl_new/17054/17054.STARAligned.sortedByCoord.WASPfiltered.out.bam	G/G
17068	/u/home/c/cindywen/project-gandalm/isoform_twas/star/obrien_sqtl_new/17068/17068.STARAligned.sortedByCoord.WASPfiltered.out.bam	A/A
17071	/u/home/c/cindywen/project-gandalm/isoform_twas/star/obrien_sqtl_new/17071/17071.STARAligned.sortedByCoord.WASPfiltered.out.bam	G/A
17072	/u/home/c/cindywen/project-gandalm/isoform_twas/star/obrien_sqtl_new/17072/17072.STARAligned.sortedByCoord.WASPfiltered.out.bam	G/A
17081	/u/home/c/cindywen/project-gandalm/isoform_twas/star/obrien_sqtl_new/17081/17081.STARAligned.sortedByCoord.WASPfiltered.out.bam	A/A
17087	/u/home/c/cindywen/project-gandalm/isoform_twas/star/obrien_sqtl_new/17087/17087.STARAligned.sortedByCoord.WASPfiltered.out.bam	G/A
17109	/u/home/c/cindywen/project-gandalm/isoform_twas/star/obrien_sqtl_new/17109/17109.STARAligned.sortedByCoord.WASPfiltered.out.bam	G/G
17111	/u/home/c/cindywen/project-gandalm/isoform_twas/star/obrien_sqtl_new/17111/17111.STARAligned.sortedByCoord.WASPfiltered.out.bam	A/A
17115	/u/home/c/cindywen/project-gandalm/isoform_twas/star/obrien_sqtl_new/17115/17115.STARAligned.sortedByCoord.WASPfiltered.out.bam	G/A
17130	/u/home/c/cindywen/project-gandalm/isoform_twas/star/obrien_sqtl_new/17130/17130.STARAligned.sortedByCoord.WASPfiltered.out.bam	G/G
17160	/u/home/c/cindywen/project-gandalm/isoform_twas/star/obrien_sqtl_new/17160/17160.STARAligned.sortedByCoord.WASPfiltered.out.bam	G/A
17162	/u/home/c/cindywen/project-gandalm/isoform_twas/star/obrien_sqtl_new/17162/17162.STARAligned.sortedByCoord.WASPfiltered.out.bam	A/A
17167	/u/home/c/cindywen/project-gandalm/isoform_twas/star/obrien_sqtl_new/17167/17167.STARAligned.sortedByCoord.WASPfiltered.out.bam	G/A
17175	/u/home/c/cindywen/project-gandalm/isoform_twas/star/obrien_sqtl_new/17175/17175.STARAligned.sortedByCoord.WASPfiltered.out.bam	G/A
17193	/u/home/c/cindywen/project-gandalm/isoform_twas/star/obrien_sqtl_new/17193/17193.STARAligned.sortedByCoord.WASPfiltered.out.bam	G/A
17221	/u/home/c/cindywen/project-gandalm/isoform_twas/star/obrien_sqtl_new/17221/17221.STARAligned.sortedByCoord.WASPfiltered.out.bam	G/A
17229	/u/home/c/cindywen/project-gandalm/isoform_twas/star/obrien_sqtl_new/17229/17229.STARAligned.sortedByCoord.WASPfiltered.out.bam	G/G
17264	/u/home/c/cindywen/project-gandalm/isoform_twas/star/obrien_sqtl_new/17264/17264.STARAligned.sortedByCoord.WASPfiltered.out.bam	A/A
17333	/u/home/c/cindywen/project-gandalm/isoform_twas/star/obrien_sqtl_new/17333/17333.STARAligned.sortedByCoord.WASPfiltered.out.bam	G/A
17369	/u/home/c/cindywen/project-gandalm/isoform_twas/star/obrien_sqtl_new/17369/17369.STARAligned.sortedByCoord.WASPfiltered.out.bam	G/A
17372	/u/home/c/cindywen/project-gandalm/isoform_twas/star/obrien_sqtl_new/17372/17372.STARAligned.sortedByCoord.WASPfiltered.out.bam	G/G
17475	/u/home/c/cindywen/project-gandalm/isoform_twas/star/obrien_sqtl_new/17475/17475.STARAligned.sortedByCoord.WASPfiltered.out.bam	A/A
17486	/u/home/c/cindywen/project-gandalm/isoform_twas/star/obrien_sqtl_new/17486/17486.STARAligned.sortedByCoord.WASPfiltered.out.bam	A/A
17521	/u/home/c/cindywen/project-gandalm/isoform_twas/star/obrien_sqtl_new/17521/17521.STARAligned.sortedByCoord.WASPfiltered.out.bam	G/A
17543	/u/home/c/cindywen/project-gandalm/isoform_twas/star/obrien_sqtl_new/17543/17543.STARAligned.sortedByCoord.WASPfiltered.out.bam	G/A
17629	/u/home/c/cindywen/project-gandalm/isoform_twas/star/obrien_sqtl_new/17629/17629.STARAligned.sortedByCoord.WASPfiltered.out.bam	A/A
17666	/u/home/c/cindywen/project-gandalm/isoform_twas/star/obrien_sqtl_new/17666/17666.STARAligned.sortedByCoord.WASPfiltered.out.bam	G/A
17671	/u/home/c/cindywen/project-gandalm/isoform_twas/star/obrien_sqtl_new/17671/17671.STARAligned.sortedByCoord.WASPfiltered.out.bam	G/A
17701	/u/home/c/cindywen/project-gandalm/isoform_twas/star/obrien_sqtl_new/17701/17701.STARAligned.sortedByCoord.WASPfiltered.out.bam	G/A
17753	/u/home/c/cindywen/project-gandalm/isoform_twas/star/obrien_sqtl_new/17753/17753.STARAligned.sortedByCoord.WASPfiltered.out.bam	G/A
17754	/u/home/c/cindywen/project-gandalm/isoform_twas/star/obrien_sqtl_new/17754/17754.STARAligned.sortedByCoord.WASPfiltered.out.bam	A/A
17812	/u/home/c/cindywen/project-gandalm/isoform_twas/star/obrien_sqtl_new/17812/17812.STARAligned.sortedByCoord.WASPfiltered.out.bam	G/A
17835	/u/home/c/cindywen/project-gandalm/isoform_twas/star/obrien_sqtl_new/17835/17835.STARAligned.sortedByCoord.WASPfiltered.out.bam	G/G
17921	/u/home/c/cindywen/project-gandalm/isoform_twas/star/obrien_sqtl_new/17921/17921.STARAligned.sortedByCoord.WASPfiltered.out.bam	G/A
17922	/u/home/c/cindywen/project-gandalm/isoform_twas/star/obrien_sqtl_new/17922/17922.STARAligned.sortedByCoord.WASPfiltered.out.bam	A/A
17923	/u/home/c/cindywen/project-gandalm/isoform_twas/star/obrien_sqtl_new/17923/17923.STARAligned.sortedByCoord.WASPfiltered.out.bam	G/G
17932	/u/home/c/cindywen/project-gandalm/isoform_twas/star/obrien_sqtl_new/17932/17932.STARAligned.sortedByCoord.WASPfiltered.out.bam	G/A
18015	/u/home/c/cindywen/project-gandalm/isoform_twas/star/obrien_sqtl_new/18015/18015.STARAligned.sortedByCoord.WASPfiltered.out.bam	G/A
18055	/u/home/c/cindywen/project-gandalm/isoform_twas/star/obrien_sqtl_new/18055/18055.STARAligned.sortedByCoord.WASPfiltered.out.bam	A/A
18134	/u/home/c/cindywen/project-gandalm/isoform_twas/star/obrien_sqtl_new/18134/18134.STARAligned.sortedByCoord.WASPfiltered.out.bam	G/G
18139	/u/home/c/cindywen/project-gandalm/isoform_twas/star/obrien_sqtl_new/18139/18139.STARAligned.sortedByCoord.WASPfiltered.out.bam	G/G
18153	/u/home/c/cindywen/project-gandalm/isoform_twas/star/obrien_sqtl_new/18153/18153.STARAligned.sortedByCoord.WASPfiltered.out.bam	A/A
18208	/u/home/c/cindywen/project-gandalm/isoform_twas/star/obrien_sqtl_new/18208/18208.STARAligned.sortedByCoord.WASPfiltered.out.bam	G/G
18241	/u/home/c/cindywen/project-gandalm/isoform_twas/star/obrien_sqtl_new/18241/18241.STARAligned.sortedByCoord.WASPfiltered.out.bam	G/A
18249	/u/home/c/cindywen/project-gandalm/isoform_twas/star/obrien_sqtl_new/18249/18249.STARAligned.sortedByCoord.WASPfiltered.out.bam	G/G
18266	/u/home/c/cindywen/project-gandalm/isoform_twas/star/obrien_sqtl_new/18266/18266.STARAligned.sortedByCoord.WASPfiltered.out.bam	G/A
18282	/u/home/c/cindywen/project-gandalm/isoform_twas/star/obrien_sqtl_new/18282/18282.STARAligned.sortedByCoord.WASPfiltered.out.bam	A/A
18294	/u/home/c/cindywen/project-gandalm/isoform_twas/star/obrien_sqtl_new/18294/18294.STARAligned.sortedByCoord.WASPfiltered.out.bam	G/G
18349	/u/home/c/cindywen/project-gandalm/isoform_twas/star/obrien_sqtl_new/18349/18349.STARAligned.sortedByCoord.WASPfiltered.out.bam	G/A
18355	/u/home/c/cindywen/project-gandalm/isoform_twas/star/obrien_sqtl_new/18355/18355.STARAligned.sortedByCoord.WASPfiltered.out.bam	A/A
18372	/u/home/c/cindywen/project-gandalm/isoform_twas/star/obrien_sqtl_new/18372/18372.STARAligned.sortedByCoord.WASPfiltered.out.bam	G/A
18382	/u/home/c/cindywen/project-gandalm/isoform_twas/star/obrien_sqtl_new/18382/18382.STARAligned.sortedByCoord.WASPfiltered.out.bam	G/A
18528	/u/home/c/cindywen/project-gandalm/isoform_twas/star/obrien_sqtl_new/18528/18528.STARAligned.sortedByCoord.WASPfiltered.out.bam	A/A
18529	/u/home/c/cindywen/project-gandalm/isoform_twas/star/obrien_sqtl_new/18529/18529.STARAligned.sortedByCoord.WASPfiltered.out.bam	A/A
18540	/u/home/c/cindywen/project-gandalm/isoform_twas/star/obrien_sqtl_new/18540/18540.STARAligned.sortedByCoord.WASPfiltered.out.bam	G/G
18559	/u/home/c/cindywen/project-gandalm/isoform_twas/star/obrien_sqtl_new/18559/18559.STARAligned.sortedByCoord.WASPfiltered.out.bam	G/A
18596	/u/home/c/cindywen/project-gandalm/isoform_twas/star/obrien_sqtl_new/18596/18596.STARAligned.sortedByCoord.WASPfiltered.out.bam	A/A
18611	/u/home/c/cindywen/project-gandalm/isoform_twas/star/obrien_sqtl_new/18611/18611.STARAligned.sortedByCoord.WASPfiltered.out.bam	G/A
18653	/u/home/c/cindywen/project-gandalm/isoform_twas/star/obrien_sqtl_new/18653/18653.STARAligned.sortedByCoord.WASPfiltered.out.bam	G/G
18655	/u/home/c/cindywen/project-gandalm/isoform_twas/star/obrien_sqtl_new/18655/18655.STARAligned.sortedByCoord.WASPfiltered.out.bam	G/G
18666	/u/home/c/cindywen/project-gandalm/isoform_twas/star/obrien_sqtl_new/18666/18666.STARAligned.sortedByCoord.WASPfiltered.out.bam	A/A
18687	/u/home/c/cindywen/project-gandalm/isoform_twas/star/obrien_sqtl_new/18687/18687.STARAligned.sortedByCoord.WASPfiltered.out.bam	G/G
18694	/u/home/c/cindywen/project-gandalm/isoform_twas/star/obrien_sqtl_new/18694/18694.STARAligned.sortedByCoord.WASPfiltered.out.bam	G/A
18856	/u/home/c/cindywen/project-gandalm/isoform_twas/star/obrien_sqtl_new/18856/18856.STARAligned.sortedByCoord.WASPfiltered.out.bam	G/A
18983	/u/home/c/cindywen/project-gandalm/isoform_twas/star/obrien_sqtl_new/18983/18983.STARAligned.sortedByCoord.WASPfiltered.out.bam	A/A
19031	/u/home/c/cindywen/project-gandalm/isoform_twas/star/obrien_sqtl_new/19031/19031.STARAligned.sortedByCoord.WASPfiltered.out.bam	G/A
19043	/u/home/c/cindywen/project-gandalm/isoform_twas/star/obrien_sqtl_new/19043/19043.STARAligned.sortedByCoord.WASPfiltered.out.bam	A/A
19052	/u/home/c/cindywen/project-gandalm/isoform_twas/star/obrien_sqtl_new/19052/19052.STARAligned.sortedByCoord.WASPfiltered.out.bam	A/A
Br1777	/u/home/c/cindywen/project-gandalm/isoform_twas/star/libd_sqtl_new/Br1777/Br1777.STARAligned.sortedByCoord.WASPfiltered.out.bam	G/G
Br1780	/u/home/c/cindywen/project-gandalm/isoform_twas/star/libd_sqtl_new/Br1780/Br1780.STARAligned.sortedByCoord.WASPfiltered.out.bam	G/A
Br1788	/u/home/c/cindywen/project-gandalm/isoform_twas/star/libd_sqtl_new/Br1788/Br1788.STARAligned.sortedByCoord.WASPfiltered.out.bam	G/G
Br1791	/u/home/c/cindywen/project-gandalm/isoform_twas/star/libd_sqtl_new/Br1791/Br1791.STARAligned.sortedByCoord.WASPfiltered.out.bam	G/G
Br1792	/u/home/c/cindywen/project-gandalm/isoform_twas/star/libd_sqtl_new/Br1792/Br1792.STARAligned.sortedByCoord.WASPfiltered.out.bam	G/A
Br1793	/u/home/c/cindywen/project-gandalm/isoform_twas/star/libd_sqtl_new/Br1793/Br1793.STARAligned.sortedByCoord.WASPfiltered.out.bam	G/G
Br1795	/u/home/c/cindywen/project-gandalm/isoform_twas/star/libd_sqtl_new/Br1795/Br1795.STARAligned.sortedByCoord.WASPfiltered.out.bam	G/A
Br1796	/u/home/c/cindywen/project-gandalm/isoform_twas/star/libd_sqtl_new/Br1796/Br1796.STARAligned.sortedByCoord.WASPfiltered.out.bam	G/A
Br1797	/u/home/c/cindywen/project-gandalm/isoform_twas/star/libd_sqtl_new/Br1797/Br1797.STARAligned.sortedByCoord.WASPfiltered.out.bam	A/A
Br1798	/u/home/c/cindywen/project-gandalm/isoform_twas/star/libd_sqtl_new/Br1798/Br1798.STARAligned.sortedByCoord.WASPfiltered.out.bam	G/G
Br1800	/u/home/c/cindywen/project-gandalm/isoform_twas/star/libd_sqtl_new/Br1800/Br1800.STARAligned.sortedByCoord.WASPfiltered.out.bam	G/A
Br1801	/u/home/c/cindywen/project-gandalm/isoform_twas/star/libd_sqtl_new/Br1801/Br1801.STARAligned.sortedByCoord.WASPfiltered.out.bam	A/A
Br1802	/u/home/c/cindywen/project-gandalm/isoform_twas/star/libd_sqtl_new/Br1802/Br1802.STARAligned.sortedByCoord.WASPfiltered.out.bam	G/A
Br1803	/u/home/c/cindywen/project-gandalm/isoform_twas/star/libd_sqtl_new/Br1803/Br1803.STARAligned.sortedByCoord.WASPfiltered.out.bam	A/A
Br1804	/u/home/c/cindywen/project-gandalm/isoform_twas/star/libd_sqtl_new/Br1804/Br1804.STARAligned.sortedByCoord.WASPfiltered.out.bam	G/A
Br1805	/u/home/c/cindywen/project-gandalm/isoform_twas/star/libd_sqtl_new/Br1805/Br1805.STARAligned.sortedByCoord.WASPfiltered.out.bam	G/G
Br1806	/u/home/c/cindywen/project-gandalm/isoform_twas/star/libd_sqtl_new/Br1806/Br1806.STARAligned.sortedByCoord.WASPfiltered.out.bam	G/A
Br1808	/u/home/c/cindywen/project-gandalm/isoform_twas/star/libd_sqtl_new/Br1808/Br1808.STARAligned.sortedByCoord.WASPfiltered.out.bam	G/A
Br1811	/u/home/c/cindywen/project-gandalm/isoform_twas/star/libd_sqtl_new/Br1811/Br1811.STARAligned.sortedByCoord.WASPfiltered.out.bam	A/A
Br1812	/u/home/c/cindywen/project-gandalm/isoform_twas/star/libd_sqtl_new/Br1812/Br1812.STARAligned.sortedByCoord.WASPfiltered.out.bam	G/G
Br1813	/u/home/c/cindywen/project-gandalm/isoform_twas/star/libd_sqtl_new/Br1813/Br1813.STARAligned.sortedByCoord.WASPfiltered.out.bam	G/G
Br1814	/u/home/c/cindywen/project-gandalm/isoform_twas/star/libd_sqtl_new/Br1814/Br1814.STARAligned.sortedByCoord.WASPfiltered.out.bam	G/A
Br1816	/u/home/c/cindywen/project-gandalm/isoform_twas/star/libd_sqtl_new/Br1816/Br1816.STARAligned.sortedByCoord.WASPfiltered.out.bam	G/G
Br1824	/u/home/c/cindywen/project-gandalm/isoform_twas/star/libd_sqtl_new/Br1824/Br1824.STARAligned.sortedByCoord.WASPfiltered.out.bam	G/A
Br1825	/u/home/c/cindywen/project-gandalm/isoform_twas/star/libd_sqtl_new/Br1825/Br1825.STARAligned.sortedByCoord.WASPfiltered.out.bam	G/G
Br1826	/u/home/c/cindywen/project-gandalm/isoform_twas/star/libd_sqtl_new/Br1826/Br1826.STARAligned.sortedByCoord.WASPfiltered.out.bam	A/A
Br1942	/u/home/c/cindywen/project-gandalm/isoform_twas/star/libd_sqtl_new/Br1942/Br1942.STARAligned.sortedByCoord.WASPfiltered.out.bam	G/A
Br2047	/u/home/c/cindywen/project-gandalm/isoform_twas/star/libd_sqtl_new/Br2047/Br2047.STARAligned.sortedByCoord.WASPfiltered.out.bam	G/A
Br2049	/u/home/c/cindywen/project-gandalm/isoform_twas/star/libd_sqtl_new/Br2049/Br2049.STARAligned.sortedByCoord.WASPfiltered.out.bam	G/A
Br2396	/u/home/c/cindywen/project-gandalm/isoform_twas/star/libd_sqtl_new/Br2396/Br2396.STARAligned.sortedByCoord.WASPfiltered.out.bam	G/A
Br2397	/u/home/c/cindywen/project-gandalm/isoform_twas/star/libd_sqtl_new/Br2397/Br2397.STARAligned.sortedByCoord.WASPfiltered.out.bam	G/A
Br2399	/u/home/c/cindywen/project-gandalm/isoform_twas/star/libd_sqtl_new/Br2399/Br2399.STARAligned.sortedByCoord.WASPfiltered.out.bam	G/A
Br2403	/u/home/c/cindywen/project-gandalm/isoform_twas/star/libd_sqtl_new/Br2403/Br2403.STARAligned.sortedByCoord.WASPfiltered.out.bam	A/A
Br2409	/u/home/c/cindywen/project-gandalm/isoform_twas/star/libd_sqtl_new/Br2409/Br2409.STARAligned.sortedByCoord.WASPfiltered.out.bam	G/G
Br2410	/u/home/c/cindywen/project-gandalm/isoform_twas/star/libd_sqtl_new/Br2410/Br2410.STARAligned.sortedByCoord.WASPfiltered.out.bam	G/G
Br2413	/u/home/c/cindywen/project-gandalm/isoform_twas/star/libd_sqtl_new/Br2413/Br2413.STARAligned.sortedByCoord.WASPfiltered.out.bam	A/A
Br2415	/u/home/c/cindywen/project-gandalm/isoform_twas/star/libd_sqtl_new/Br2415/Br2415.STARAligned.sortedByCoord.WASPfiltered.out.bam	A/A
Br2416	/u/home/c/cindywen/project-gandalm/isoform_twas/star/libd_sqtl_new/Br2416/Br2416.STARAligned.sortedByCoord.WASPfiltered.out.bam	A/A
HSB150	/u/home/c/cindywen/project-gandalm/isoform_twas/star/werling_sqtl_new/HSB150/HSB150.STARAligned.sortedByCoord.WASPfiltered.out.bam	G/G
HSB152	/u/home/c/cindywen/project-gandalm/isoform_twas/star/werling_sqtl_new/HSB152/HSB152.STARAligned.sortedByCoord.WASPfiltered.out.bam	G/A
HSB194	/u/home/c/cindywen/project-gandalm/isoform_twas/star/werling_sqtl_new/HSB194/HSB194.STARAligned.sortedByCoord.WASPfiltered.out.bam	G/G
HSB195	/u/home/c/cindywen/project-gandalm/isoform_twas/star/werling_sqtl_new/HSB195/HSB195.STARAligned.sortedByCoord.WASPfiltered.out.bam	G/G
HSB221	/u/home/c/cindywen/project-gandalm/isoform_twas/star/werling_sqtl_new/HSB221/HSB221.STARAligned.sortedByCoord.WASPfiltered.out.bam	A/A
HSB222	/u/home/c/cindywen/project-gandalm/isoform_twas/star/werling_sqtl_new/HSB222/HSB222.STARAligned.sortedByCoord.WASPfiltered.out.bam	G/A
HSB238	/u/home/c/cindywen/project-gandalm/isoform_twas/star/werling_sqtl_new/HSB238/HSB238.STARAligned.sortedByCoord.WASPfiltered.out.bam	G/A
HSB248	/u/home/c/cindywen/project-gandalm/isoform_twas/star/werling_sqtl_new/HSB248/HSB248.STARAligned.sortedByCoord.WASPfiltered.out.bam	A/A
HSB260	/u/home/c/cindywen/project-gandalm/isoform_twas/star/werling_sqtl_new/HSB260/HSB260.STARAligned.sortedByCoord.WASPfiltered.out.bam	G/G
HSB261	/u/home/c/cindywen/project-gandalm/isoform_twas/star/werling_sqtl_new/HSB261/HSB261.STARAligned.sortedByCoord.WASPfiltered.out.bam	G/A
HSB265	/u/home/c/cindywen/project-gandalm/isoform_twas/star/werling_sqtl_new/HSB265/HSB265.STARAligned.sortedByCoord.WASPfiltered.out.bam	G/A
HSB267	/u/home/c/cindywen/project-gandalm/isoform_twas/star/werling_sqtl_new/HSB267/HSB267.STARAligned.sortedByCoord.WASPfiltered.out.bam	G/G
HSB270	/u/home/c/cindywen/project-gandalm/isoform_twas/star/werling_sqtl_new/HSB270/HSB270.STARAligned.sortedByCoord.WASPfiltered.out.bam	G/A
HSB272	/u/home/c/cindywen/project-gandalm/isoform_twas/star/werling_sqtl_new/HSB272/HSB272.STARAligned.sortedByCoord.WASPfiltered.out.bam	G/A
HSB274	/u/home/c/cindywen/project-gandalm/isoform_twas/star/werling_sqtl_new/HSB274/HSB274.STARAligned.sortedByCoord.WASPfiltered.out.bam	G/G
HSB275	/u/home/c/cindywen/project-gandalm/isoform_twas/star/werling_sqtl_new/HSB275/HSB275.STARAligned.sortedByCoord.WASPfiltered.out.bam	G/G
HSB278	/u/home/c/cindywen/project-gandalm/isoform_twas/star/werling_sqtl_new/HSB278/HSB278.STARAligned.sortedByCoord.WASPfiltered.out.bam	A/A
HSB286	/u/home/c/cindywen/project-gandalm/isoform_twas/star/werling_sqtl_new/HSB286/HSB286.STARAligned.sortedByCoord.WASPfiltered.out.bam	A/A
HSB289	/u/home/c/cindywen/project-gandalm/isoform_twas/star/werling_sqtl_new/HSB289/HSB289.STARAligned.sortedByCoord.WASPfiltered.out.bam	A/A
HSB292	/u/home/c/cindywen/project-gandalm/isoform_twas/star/werling_sqtl_new/HSB292/HSB292.STARAligned.sortedByCoord.WASPfiltered.out.bam	G/G
HSB313	/u/home/c/cindywen/project-gandalm/isoform_twas/star/werling_sqtl_new/HSB313/HSB313.STARAligned.sortedByCoord.WASPfiltered.out.bam	G/G
HSB316	/u/home/c/cindywen/project-gandalm/isoform_twas/star/werling_sqtl_new/HSB316/HSB316.STARAligned.sortedByCoord.WASPfiltered.out.bam	G/G
HSB322	/u/home/c/cindywen/project-gandalm/isoform_twas/star/werling_sqtl_new/HSB322/HSB322.STARAligned.sortedByCoord.WASPfiltered.out.bam	G/G
HSB332	/u/home/c/cindywen/project-gandalm/isoform_twas/star/werling_sqtl_new/HSB332/HSB332.STARAligned.sortedByCoord.WASPfiltered.out.bam	G/A
HSB337	/u/home/c/cindywen/project-gandalm/isoform_twas/star/werling_sqtl_new/HSB337/HSB337.STARAligned.sortedByCoord.WASPfiltered.out.bam	G/G
HSB338	/u/home/c/cindywen/project-gandalm/isoform_twas/star/werling_sqtl_new/HSB338/HSB338.STARAligned.sortedByCoord.WASPfiltered.out.bam	G/G
HSB339	/u/home/c/cindywen/project-gandalm/isoform_twas/star/werling_sqtl_new/HSB339/HSB339.STARAligned.sortedByCoord.WASPfiltered.out.bam	A/A
HSB342	/u/home/c/cindywen/project-gandalm/isoform_twas/star/werling_sqtl_new/HSB342/HSB342.STARAligned.sortedByCoord.WASPfiltered.out.bam	A/A
HSB343	/u/home/c/cindywen/project-gandalm/isoform_twas/star/werling_sqtl_new/HSB343/HSB343.STARAligned.sortedByCoord.WASPfiltered.out.bam	G/A
HSB344	/u/home/c/cindywen/project-gandalm/isoform_twas/star/werling_sqtl_new/HSB344/HSB344.STARAligned.sortedByCoord.WASPfiltered.out.bam	G/G
HSB345	/u/home/c/cindywen/project-gandalm/isoform_twas/star/werling_sqtl_new/HSB345/HSB345.STARAligned.sortedByCoord.WASPfiltered.out.bam	A/A
HSB411	/u/home/c/cindywen/project-gandalm/isoform_twas/star/werling_sqtl_new/HSB411/HSB411.STARAligned.sortedByCoord.WASPfiltered.out.bam	G/A
HSB413	/u/home/c/cindywen/project-gandalm/isoform_twas/star/werling_sqtl_new/HSB413/HSB413.STARAligned.sortedByCoord.WASPfiltered.out.bam	A/A
HSB414	/u/home/c/cindywen/project-gandalm/isoform_twas/star/werling_sqtl_new/HSB414/HSB414.STARAligned.sortedByCoord.WASPfiltered.out.bam	G/A
HSB415	/u/home/c/cindywen/project-gandalm/isoform_twas/star/werling_sqtl_new/HSB415/HSB415.STARAligned.sortedByCoord.WASPfiltered.out.bam	G/A
HSB416	/u/home/c/cindywen/project-gandalm/isoform_twas/star/werling_sqtl_new/HSB416/HSB416.STARAligned.sortedByCoord.WASPfiltered.out.bam	G/G
HSB417	/u/home/c/cindywen/project-gandalm/isoform_twas/star/werling_sqtl_new/HSB417/HSB417.STARAligned.sortedByCoord.WASPfiltered.out.bam	G/A
HSB418	/u/home/c/cindywen/project-gandalm/isoform_twas/star/werling_sqtl_new/HSB418/HSB418.STARAligned.sortedByCoord.WASPfiltered.out.bam	A/A
HSB421	/u/home/c/cindywen/project-gandalm/isoform_twas/star/werling_sqtl_new/HSB421/HSB421.STARAligned.sortedByCoord.WASPfiltered.out.bam	G/G
HSB422	/u/home/c/cindywen/project-gandalm/isoform_twas/star/werling_sqtl_new/HSB422/HSB422.STARAligned.sortedByCoord.WASPfiltered.out.bam	A/A
HSB425	/u/home/c/cindywen/project-gandalm/isoform_twas/star/werling_sqtl_new/HSB425/HSB425.STARAligned.sortedByCoord.WASPfiltered.out.bam	G/G
HSB427	/u/home/c/cindywen/project-gandalm/isoform_twas/star/werling_sqtl_new/HSB427/HSB427.STARAligned.sortedByCoord.WASPfiltered.out.bam	G/A
HSB428	/u/home/c/cindywen/project-gandalm/isoform_twas/star/werling_sqtl_new/HSB428/HSB428.STARAligned.sortedByCoord.WASPfiltered.out.bam	G/G
HSB429	/u/home/c/cindywen/project-gandalm/isoform_twas/star/werling_sqtl_new/HSB429/HSB429.STARAligned.sortedByCoord.WASPfiltered.out.bam	G/G
HSB430	/u/home/c/cindywen/project-gandalm/isoform_twas/star/werling_sqtl_new/HSB430/HSB430.STARAligned.sortedByCoord.WASPfiltered.out.bam	A/A
HSB431	/u/home/c/cindywen/project-gandalm/isoform_twas/star/werling_sqtl_new/HSB431/HSB431.STARAligned.sortedByCoord.WASPfiltered.out.bam	G/A
HSB432	/u/home/c/cindywen/project-gandalm/isoform_twas/star/werling_sqtl_new/HSB432/HSB432.STARAligned.sortedByCoord.WASPfiltered.out.bam	A/A
HSB433	/u/home/c/cindywen/project-gandalm/isoform_twas/star/werling_sqtl_new/HSB433/HSB433.STARAligned.sortedByCoord.WASPfiltered.out.bam	G/G
HSB439	/u/home/c/cindywen/project-gandalm/isoform_twas/star/werling_sqtl_new/HSB439/HSB439.STARAligned.sortedByCoord.WASPfiltered.out.bam	G/A
HSB440	/u/home/c/cindywen/project-gandalm/isoform_twas/star/werling_sqtl_new/HSB440/HSB440.STARAligned.sortedByCoord.WASPfiltered.out.bam	G/A
HSB442	/u/home/c/cindywen/project-gandalm/isoform_twas/star/werling_sqtl_new/HSB442/HSB442.STARAligned.sortedByCoord.WASPfiltered.out.bam	A/A
HSB443	/u/home/c/cindywen/project-gandalm/isoform_twas/star/werling_sqtl_new/HSB443/HSB443.STARAligned.sortedByCoord.WASPfiltered.out.bam	G/A
HSB444	/u/home/c/cindywen/project-gandalm/isoform_twas/star/werling_sqtl_new/HSB444/HSB444.STARAligned.sortedByCoord.WASPfiltered.out.bam	A/A
HSB445	/u/home/c/cindywen/project-gandalm/isoform_twas/star/werling_sqtl_new/HSB445/HSB445.STARAligned.sortedByCoord.WASPfiltered.out.bam	G/A
HSB536	/u/home/c/cindywen/project-gandalm/isoform_twas/star/werling_sqtl_new/HSB536/HSB536.STARAligned.sortedByCoord.WASPfiltered.out.bam	G/A
HSB543	/u/home/c/cindywen/project-gandalm/isoform_twas/star/werling_sqtl_new/HSB543/HSB543.STARAligned.sortedByCoord.WASPfiltered.out.bam	G/A
HSB544	/u/home/c/cindywen/project-gandalm/isoform_twas/star/werling_sqtl_new/HSB544/HSB544.STARAligned.sortedByCoord.WASPfiltered.out.bam	G/G
HSB545	/u/home/c/cindywen/project-gandalm/isoform_twas/star/werling_sqtl_new/HSB545/HSB545.STARAligned.sortedByCoord.WASPfiltered.out.bam	G/G
HSB546	/u/home/c/cindywen/project-gandalm/isoform_twas/star/werling_sqtl_new/HSB546/HSB546.STARAligned.sortedByCoord.WASPfiltered.out.bam	G/A
HSB547	/u/home/c/cindywen/project-gandalm/isoform_twas/star/werling_sqtl_new/HSB547/HSB547.STARAligned.sortedByCoord.WASPfiltered.out.bam	G/G
HSB561	/u/home/c/cindywen/project-gandalm/isoform_twas/star/werling_sqtl_new/HSB561/HSB561.STARAligned.sortedByCoord.WASPfiltered.out.bam	G/A
HSB562	/u/home/c/cindywen/project-gandalm/isoform_twas/star/werling_sqtl_new/HSB562/HSB562.STARAligned.sortedByCoord.WASPfiltered.out.bam	G/G
HSB563	/u/home/c/cindywen/project-gandalm/isoform_twas/star/werling_sqtl_new/HSB563/HSB563.STARAligned.sortedByCoord.WASPfiltered.out.bam	G/A
HSB564	/u/home/c/cindywen/project-gandalm/isoform_twas/star/werling_sqtl_new/HSB564/HSB564.STARAligned.sortedByCoord.WASPfiltered.out.bam	G/G
HSB565	/u/home/c/cindywen/project-gandalm/isoform_twas/star/werling_sqtl_new/HSB565/HSB565.STARAligned.sortedByCoord.WASPfiltered.out.bam	G/A
HSB566	/u/home/c/cindywen/project-gandalm/isoform_twas/star/werling_sqtl_new/HSB566/HSB566.STARAligned.sortedByCoord.WASPfiltered.out.bam	G/G
HSB568	/u/home/c/cindywen/project-gandalm/isoform_twas/star/werling_sqtl_new/HSB568/HSB568.STARAligned.sortedByCoord.WASPfiltered.out.bam	G/A
HSB569	/u/home/c/cindywen/project-gandalm/isoform_twas/star/werling_sqtl_new/HSB569/HSB569.STARAligned.sortedByCoord.WASPfiltered.out.bam	A/A
HSB572	/u/home/c/cindywen/project-gandalm/isoform_twas/star/werling_sqtl_new/HSB572/HSB572.STARAligned.sortedByCoord.WASPfiltered.out.bam	G/G
HSB577	/u/home/c/cindywen/project-gandalm/isoform_twas/star/werling_sqtl_new/HSB577/HSB577.STARAligned.sortedByCoord.WASPfiltered.out.bam	G/A
HSB578	/u/home/c/cindywen/project-gandalm/isoform_twas/star/werling_sqtl_new/HSB578/HSB578.STARAligned.sortedByCoord.WASPfiltered.out.bam	G/A
HSB579	/u/home/c/cindywen/project-gandalm/isoform_twas/star/werling_sqtl_new/HSB579/HSB579.STARAligned.sortedByCoord.WASPfiltered.out.bam	G/G
HSB594	/u/home/c/cindywen/project-gandalm/isoform_twas/star/werling_sqtl_new/HSB594/HSB594.STARAligned.sortedByCoord.WASPfiltered.out.bam	G/G
HSB595	/u/home/c/cindywen/project-gandalm/isoform_twas/star/werling_sqtl_new/HSB595/HSB595.STARAligned.sortedByCoord.WASPfiltered.out.bam	A/A
HSB596	/u/home/c/cindywen/project-gandalm/isoform_twas/star/werling_sqtl_new/HSB596/HSB596.STARAligned.sortedByCoord.WASPfiltered.out.bam	G/A
HSB597	/u/home/c/cindywen/project-gandalm/isoform_twas/star/werling_sqtl_new/HSB597/HSB597.STARAligned.sortedByCoord.WASPfiltered.out.bam	A/A
HSB598	/u/home/c/cindywen/project-gandalm/isoform_twas/star/werling_sqtl_new/HSB598/HSB598.STARAligned.sortedByCoord.WASPfiltered.out.bam	G/A
HSB608	/u/home/c/cindywen/project-gandalm/isoform_twas/star/werling_sqtl_new/HSB608/HSB608.STARAligned.sortedByCoord.WASPfiltered.out.bam	G/G
HSB615	/u/home/c/cindywen/project-gandalm/isoform_twas/star/werling_sqtl_new/HSB615/HSB615.STARAligned.sortedByCoord.WASPfiltered.out.bam	G/A
HSB616	/u/home/c/cindywen/project-gandalm/isoform_twas/star/werling_sqtl_new/HSB616/HSB616.STARAligned.sortedByCoord.WASPfiltered.out.bam	G/A
HSB618	/u/home/c/cindywen/project-gandalm/isoform_twas/star/werling_sqtl_new/HSB618/HSB618.STARAligned.sortedByCoord.WASPfiltered.out.bam	G/G
HSB619	/u/home/c/cindywen/project-gandalm/isoform_twas/star/werling_sqtl_new/HSB619/HSB619.STARAligned.sortedByCoord.WASPfiltered.out.bam	G/G
HSB624	/u/home/c/cindywen/project-gandalm/isoform_twas/star/werling_sqtl_new/HSB624/HSB624.STARAligned.sortedByCoord.WASPfiltered.out.bam	G/A
HSB625	/u/home/c/cindywen/project-gandalm/isoform_twas/star/werling_sqtl_new/HSB625/HSB625.STARAligned.sortedByCoord.WASPfiltered.out.bam	G/A
HSB626	/u/home/c/cindywen/project-gandalm/isoform_twas/star/werling_sqtl_new/HSB626/HSB626.STARAligned.sortedByCoord.WASPfiltered.out.bam	A/A
HSB627	/u/home/c/cindywen/project-gandalm/isoform_twas/star/werling_sqtl_new/HSB627/HSB627.STARAligned.sortedByCoord.WASPfiltered.out.bam	G/A
HSB629	/u/home/c/cindywen/project-gandalm/isoform_twas/star/werling_sqtl_new/HSB629/HSB629.STARAligned.sortedByCoord.WASPfiltered.out.bam	A/A
HSB630	/u/home/c/cindywen/project-gandalm/isoform_twas/star/werling_sqtl_new/HSB630/HSB630.STARAligned.sortedByCoord.WASPfiltered.out.bam	G/A
HSB631	/u/home/c/cindywen/project-gandalm/isoform_twas/star/werling_sqtl_new/HSB631/HSB631.STARAligned.sortedByCoord.WASPfiltered.out.bam	G/A
HSB633	/u/home/c/cindywen/project-gandalm/isoform_twas/star/werling_sqtl_new/HSB633/HSB633.STARAligned.sortedByCoord.WASPfiltered.out.bam	A/A
HSB634	/u/home/c/cindywen/project-gandalm/isoform_twas/star/werling_sqtl_new/HSB634/HSB634.STARAligned.sortedByCoord.WASPfiltered.out.bam	A/A
HSB637	/u/home/c/cindywen/project-gandalm/isoform_twas/star/werling_sqtl_new/HSB637/HSB637.STARAligned.sortedByCoord.WASPfiltered.out.bam	A/A
HSB638	/u/home/c/cindywen/project-gandalm/isoform_twas/star/werling_sqtl_new/HSB638/HSB638.STARAligned.sortedByCoord.WASPfiltered.out.bam	G/G
HSB643	/u/home/c/cindywen/project-gandalm/isoform_twas/star/werling_sqtl_new/HSB643/HSB643.STARAligned.sortedByCoord.WASPfiltered.out.bam	A/A
HSB644	/u/home/c/cindywen/project-gandalm/isoform_twas/star/werling_sqtl_new/HSB644/HSB644.STARAligned.sortedByCoord.WASPfiltered.out.bam	G/A
HSB645	/u/home/c/cindywen/project-gandalm/isoform_twas/star/werling_sqtl_new/HSB645/HSB645.STARAligned.sortedByCoord.WASPfiltered.out.bam	G/G
HSB646	/u/home/c/cindywen/project-gandalm/isoform_twas/star/werling_sqtl_new/HSB646/HSB646.STARAligned.sortedByCoord.WASPfiltered.out.bam	G/A
HSB649	/u/home/c/cindywen/project-gandalm/isoform_twas/star/werling_sqtl_new/HSB649/HSB649.STARAligned.sortedByCoord.WASPfiltered.out.bam	A/A
HSB650	/u/home/c/cindywen/project-gandalm/isoform_twas/star/werling_sqtl_new/HSB650/HSB650.STARAligned.sortedByCoord.WASPfiltered.out.bam	G/G
HSB651	/u/home/c/cindywen/project-gandalm/isoform_twas/star/werling_sqtl_new/HSB651/HSB651.STARAligned.sortedByCoord.WASPfiltered.out.bam	G/A
HSB652	/u/home/c/cindywen/project-gandalm/isoform_twas/star/werling_sqtl_new/HSB652/HSB652.STARAligned.sortedByCoord.WASPfiltered.out.bam	A/A
HSB653	/u/home/c/cindywen/project-gandalm/isoform_twas/star/werling_sqtl_new/HSB653/HSB653.STARAligned.sortedByCoord.WASPfiltered.out.bam	G/A
HSB654	/u/home/c/cindywen/project-gandalm/isoform_twas/star/werling_sqtl_new/HSB654/HSB654.STARAligned.sortedByCoord.WASPfiltered.out.bam	A/A
HSB657	/u/home/c/cindywen/project-gandalm/isoform_twas/star/werling_sqtl_new/HSB657/HSB657.STARAligned.sortedByCoord.WASPfiltered.out.bam	G/A
HSB666	/u/home/c/cindywen/project-gandalm/isoform_twas/star/werling_sqtl_new/HSB666/HSB666.STARAligned.sortedByCoord.WASPfiltered.out.bam	G/A
HSB669	/u/home/c/cindywen/project-gandalm/isoform_twas/star/werling_sqtl_new/HSB669/HSB669.STARAligned.sortedByCoord.WASPfiltered.out.bam	A/A
HSB670	/u/home/c/cindywen/project-gandalm/isoform_twas/star/werling_sqtl_new/HSB670/HSB670.STARAligned.sortedByCoord.WASPfiltered.out.bam	G/A
HSB671	/u/home/c/cindywen/project-gandalm/isoform_twas/star/werling_sqtl_new/HSB671/HSB671.STARAligned.sortedByCoord.WASPfiltered.out.bam	G/G
HSB672	/u/home/c/cindywen/project-gandalm/isoform_twas/star/werling_sqtl_new/HSB672/HSB672.STARAligned.sortedByCoord.WASPfiltered.out.bam	G/A
HSB674	/u/home/c/cindywen/project-gandalm/isoform_twas/star/werling_sqtl_new/HSB674/HSB674.STARAligned.sortedByCoord.WASPfiltered.out.bam	G/G
HSB676	/u/home/c/cindywen/project-gandalm/isoform_twas/star/werling_sqtl_new/HSB676/HSB676.STARAligned.sortedByCoord.WASPfiltered.out.bam	G/G
HSB679	/u/home/c/cindywen/project-gandalm/isoform_twas/star/werling_sqtl_new/HSB679/HSB679.STARAligned.sortedByCoord.WASPfiltered.out.bam	G/G
RNAID1896	/u/home/c/cindywen/project-gandalm/isoform_twas/star/walker_sqtl_new/RNAID1896/RNAID1896.STARAligned.sortedByCoord.WASPfiltered.out.bam	G/A
RNAID1897	/u/home/c/cindywen/project-gandalm/isoform_twas/star/walker_sqtl_new/RNAID1897/RNAID1897.STARAligned.sortedByCoord.WASPfiltered.out.bam	G/A
RNAID1898	/u/home/c/cindywen/project-gandalm/isoform_twas/star/walker_sqtl_new/RNAID1898/RNAID1898.STARAligned.sortedByCoord.WASPfiltered.out.bam	G/A
RNAID1899	/u/home/c/cindywen/project-gandalm/isoform_twas/star/walker_sqtl_new/RNAID1899/RNAID1899.STARAligned.sortedByCoord.WASPfiltered.out.bam	G/G
RNAID1902	/u/home/c/cindywen/project-gandalm/isoform_twas/star/walker_sqtl_new/RNAID1902/RNAID1902.STARAligned.sortedByCoord.WASPfiltered.out.bam	G/G
RNAID1903	/u/home/c/cindywen/project-gandalm/isoform_twas/star/walker_sqtl_new/RNAID1903/RNAID1903.STARAligned.sortedByCoord.WASPfiltered.out.bam	G/G
RNAID1904	/u/home/c/cindywen/project-gandalm/isoform_twas/star/walker_sqtl_new/RNAID1904/RNAID1904.STARAligned.sortedByCoord.WASPfiltered.out.bam	G/G
RNAID1905	/u/home/c/cindywen/project-gandalm/isoform_twas/star/walker_sqtl_new/RNAID1905/RNAID1905.STARAligned.sortedByCoord.WASPfiltered.out.bam	G/A
RNAID1906	/u/home/c/cindywen/project-gandalm/isoform_twas/star/walker_sqtl_new/RNAID1906/RNAID1906.STARAligned.sortedByCoord.WASPfiltered.out.bam	G/G
RNAID1907	/u/home/c/cindywen/project-gandalm/isoform_twas/star/walker_sqtl_new/RNAID1907/RNAID1907.STARAligned.sortedByCoord.WASPfiltered.out.bam	G/G
RNAID1908	/u/home/c/cindywen/project-gandalm/isoform_twas/star/walker_sqtl_new/RNAID1908/RNAID1908.STARAligned.sortedByCoord.WASPfiltered.out.bam	G/A
RNAID1909	/u/home/c/cindywen/project-gandalm/isoform_twas/star/walker_sqtl_new/RNAID1909/RNAID1909.STARAligned.sortedByCoord.WASPfiltered.out.bam	G/A
RNAID1910	/u/home/c/cindywen/project-gandalm/isoform_twas/star/walker_sqtl_new/RNAID1910/RNAID1910.STARAligned.sortedByCoord.WASPfiltered.out.bam	G/A
RNAID1911	/u/home/c/cindywen/project-gandalm/isoform_twas/star/walker_sqtl_new/RNAID1911/RNAID1911.STARAligned.sortedByCoord.WASPfiltered.out.bam	A/A
RNAID1912	/u/home/c/cindywen/project-gandalm/isoform_twas/star/walker_sqtl_new/RNAID1912/RNAID1912.STARAligned.sortedByCoord.WASPfiltered.out.bam	G/G
RNAID1913	/u/home/c/cindywen/project-gandalm/isoform_twas/star/walker_sqtl_new/RNAID1913/RNAID1913.STARAligned.sortedByCoord.WASPfiltered.out.bam	G/G
RNAID1914	/u/home/c/cindywen/project-gandalm/isoform_twas/star/walker_sqtl_new/RNAID1914/RNAID1914.STARAligned.sortedByCoord.WASPfiltered.out.bam	G/A
RNAID1915	/u/home/c/cindywen/project-gandalm/isoform_twas/star/walker_sqtl_new/RNAID1915/RNAID1915.STARAligned.sortedByCoord.WASPfiltered.out.bam	G/A
RNAID1916	/u/home/c/cindywen/project-gandalm/isoform_twas/star/walker_sqtl_new/RNAID1916/RNAID1916.STARAligned.sortedByCoord.WASPfiltered.out.bam	G/A
RNAID1917	/u/home/c/cindywen/project-gandalm/isoform_twas/star/walker_sqtl_new/RNAID1917/RNAID1917.STARAligned.sortedByCoord.WASPfiltered.out.bam	A/A
RNAID1918	/u/home/c/cindywen/project-gandalm/isoform_twas/star/walker_sqtl_new/RNAID1918/RNAID1918.STARAligned.sortedByCoord.WASPfiltered.out.bam	G/G
RNAID1919	/u/home/c/cindywen/project-gandalm/isoform_twas/star/walker_sqtl_new/RNAID1919/RNAID1919.STARAligned.sortedByCoord.WASPfiltered.out.bam	G/G
RNAID1921	/u/home/c/cindywen/project-gandalm/isoform_twas/star/walker_sqtl_new/RNAID1921/RNAID1921.STARAligned.sortedByCoord.WASPfiltered.out.bam	G/A
RNAID1922	/u/home/c/cindywen/project-gandalm/isoform_twas/star/walker_sqtl_new/RNAID1922/RNAID1922.STARAligned.sortedByCoord.WASPfiltered.out.bam	G/A
RNAID1924	/u/home/c/cindywen/project-gandalm/isoform_twas/star/walker_sqtl_new/RNAID1924/RNAID1924.STARAligned.sortedByCoord.WASPfiltered.out.bam	G/A
RNAID1925	/u/home/c/cindywen/project-gandalm/isoform_twas/star/walker_sqtl_new/RNAID1925/RNAID1925.STARAligned.sortedByCoord.WASPfiltered.out.bam	G/G
RNAID1926	/u/home/c/cindywen/project-gandalm/isoform_twas/star/walker_sqtl_new/RNAID1926/RNAID1926.STARAligned.sortedByCoord.WASPfiltered.out.bam	G/A
RNAID1927	/u/home/c/cindywen/project-gandalm/isoform_twas/star/walker_sqtl_new/RNAID1927/RNAID1927.STARAligned.sortedByCoord.WASPfiltered.out.bam	G/G
RNAID1929	/u/home/c/cindywen/project-gandalm/isoform_twas/star/walker_sqtl_new/RNAID1929/RNAID1929.STARAligned.sortedByCoord.WASPfiltered.out.bam	A/A
RNAID1930	/u/home/c/cindywen/project-gandalm/isoform_twas/star/walker_sqtl_new/RNAID1930/RNAID1930.STARAligned.sortedByCoord.WASPfiltered.out.bam	A/A
RNAID1931	/u/home/c/cindywen/project-gandalm/isoform_twas/star/walker_sqtl_new/RNAID1931/RNAID1931.STARAligned.sortedByCoord.WASPfiltered.out.bam	G/A
RNAID1932	/u/home/c/cindywen/project-gandalm/isoform_twas/star/walker_sqtl_new/RNAID1932/RNAID1932.STARAligned.sortedByCoord.WASPfiltered.out.bam	G/G
RNAID1933	/u/home/c/cindywen/project-gandalm/isoform_twas/star/walker_sqtl_new/RNAID1933/RNAID1933.STARAligned.sortedByCoord.WASPfiltered.out.bam	G/A
RNAID1934	/u/home/c/cindywen/project-gandalm/isoform_twas/star/walker_sqtl_new/RNAID1934/RNAID1934.STARAligned.sortedByCoord.WASPfiltered.out.bam	G/A
RNAID1935	/u/home/c/cindywen/project-gandalm/isoform_twas/star/walker_sqtl_new/RNAID1935/RNAID1935.STARAligned.sortedByCoord.WASPfiltered.out.bam	G/A
RNAID1936	/u/home/c/cindywen/project-gandalm/isoform_twas/star/walker_sqtl_new/RNAID1936/RNAID1936.STARAligned.sortedByCoord.WASPfiltered.out.bam	A/A
RNAID1937	/u/home/c/cindywen/project-gandalm/isoform_twas/star/walker_sqtl_new/RNAID1937/RNAID1937.STARAligned.sortedByCoord.WASPfiltered.out.bam	G/A
RNAID1938	/u/home/c/cindywen/project-gandalm/isoform_twas/star/walker_sqtl_new/RNAID1938/RNAID1938.STARAligned.sortedByCoord.WASPfiltered.out.bam	G/A
RNAID1939	/u/home/c/cindywen/project-gandalm/isoform_twas/star/walker_sqtl_new/RNAID1939/RNAID1939.STARAligned.sortedByCoord.WASPfiltered.out.bam	G/A
RNAID1940	/u/home/c/cindywen/project-gandalm/isoform_twas/star/walker_sqtl_new/RNAID1940/RNAID1940.STARAligned.sortedByCoord.WASPfiltered.out.bam	G/G
RNAID1941	/u/home/c/cindywen/project-gandalm/isoform_twas/star/walker_sqtl_new/RNAID1941/RNAID1941.STARAligned.sortedByCoord.WASPfiltered.out.bam	A/A
RNAID1944	/u/home/c/cindywen/project-gandalm/isoform_twas/star/walker_sqtl_new/RNAID1944/RNAID1944.STARAligned.sortedByCoord.WASPfiltered.out.bam	A/A
RNAID1945	/u/home/c/cindywen/project-gandalm/isoform_twas/star/walker_sqtl_new/RNAID1945/RNAID1945.STARAligned.sortedByCoord.WASPfiltered.out.bam	G/G
RNAID1946	/u/home/c/cindywen/project-gandalm/isoform_twas/star/walker_sqtl_new/RNAID1946/RNAID1946.STARAligned.sortedByCoord.WASPfiltered.out.bam	G/G
RNAID1947	/u/home/c/cindywen/project-gandalm/isoform_twas/star/walker_sqtl_new/RNAID1947/RNAID1947.STARAligned.sortedByCoord.WASPfiltered.out.bam	G/G
RNAID1948	/u/home/c/cindywen/project-gandalm/isoform_twas/star/walker_sqtl_new/RNAID1948/RNAID1948.STARAligned.sortedByCoord.WASPfiltered.out.bam	A/A
RNAID1949	/u/home/c/cindywen/project-gandalm/isoform_twas/star/walker_sqtl_new/RNAID1949/RNAID1949.STARAligned.sortedByCoord.WASPfiltered.out.bam	G/G
RNAID1950	/u/home/c/cindywen/project-gandalm/isoform_twas/star/walker_sqtl_new/RNAID1950/RNAID1950.STARAligned.sortedByCoord.WASPfiltered.out.bam	G/A
RNAID1951	/u/home/c/cindywen/project-gandalm/isoform_twas/star/walker_sqtl_new/RNAID1951/RNAID1951.STARAligned.sortedByCoord.WASPfiltered.out.bam	G/G
RNAID1952	/u/home/c/cindywen/project-gandalm/isoform_twas/star/walker_sqtl_new/RNAID1952/RNAID1952.STARAligned.sortedByCoord.WASPfiltered.out.bam	G/A
RNAID1953	/u/home/c/cindywen/project-gandalm/isoform_twas/star/walker_sqtl_new/RNAID1953/RNAID1953.STARAligned.sortedByCoord.WASPfiltered.out.bam	G/G
RNAID1954	/u/home/c/cindywen/project-gandalm/isoform_twas/star/walker_sqtl_new/RNAID1954/RNAID1954.STARAligned.sortedByCoord.WASPfiltered.out.bam	G/A
RNAID1955	/u/home/c/cindywen/project-gandalm/isoform_twas/star/walker_sqtl_new/RNAID1955/RNAID1955.STARAligned.sortedByCoord.WASPfiltered.out.bam	G/A
RNAID1956	/u/home/c/cindywen/project-gandalm/isoform_twas/star/walker_sqtl_new/RNAID1956/RNAID1956.STARAligned.sortedByCoord.WASPfiltered.out.bam	G/A
RNAID1958	/u/home/c/cindywen/project-gandalm/isoform_twas/star/walker_sqtl_new/RNAID1958/RNAID1958.STARAligned.sortedByCoord.WASPfiltered.out.bam	A/A
RNAID1959	/u/home/c/cindywen/project-gandalm/isoform_twas/star/walker_sqtl_new/RNAID1959/RNAID1959.STARAligned.sortedByCoord.WASPfiltered.out.bam	G/G
RNAID1960	/u/home/c/cindywen/project-gandalm/isoform_twas/star/walker_sqtl_new/RNAID1960/RNAID1960.STARAligned.sortedByCoord.WASPfiltered.out.bam	G/G
RNAID1961	/u/home/c/cindywen/project-gandalm/isoform_twas/star/walker_sqtl_new/RNAID1961/RNAID1961.STARAligned.sortedByCoord.WASPfiltered.out.bam	G/G
RNAID1962	/u/home/c/cindywen/project-gandalm/isoform_twas/star/walker_sqtl_new/RNAID1962/RNAID1962.STARAligned.sortedByCoord.WASPfiltered.out.bam	G/A
RNAID1963	/u/home/c/cindywen/project-gandalm/isoform_twas/star/walker_sqtl_new/RNAID1963/RNAID1963.STARAligned.sortedByCoord.WASPfiltered.out.bam	A/A
RNAID1964	/u/home/c/cindywen/project-gandalm/isoform_twas/star/walker_sqtl_new/RNAID1964/RNAID1964.STARAligned.sortedByCoord.WASPfiltered.out.bam	G/G
RNAID1965	/u/home/c/cindywen/project-gandalm/isoform_twas/star/walker_sqtl_new/RNAID1965/RNAID1965.STARAligned.sortedByCoord.WASPfiltered.out.bam	G/A
RNAID1966	/u/home/c/cindywen/project-gandalm/isoform_twas/star/walker_sqtl_new/RNAID1966/RNAID1966.STARAligned.sortedByCoord.WASPfiltered.out.bam	G/A
RNAID1967	/u/home/c/cindywen/project-gandalm/isoform_twas/star/walker_sqtl_new/RNAID1967/RNAID1967.STARAligned.sortedByCoord.WASPfiltered.out.bam	G/G
RNAID1968	/u/home/c/cindywen/project-gandalm/isoform_twas/star/walker_sqtl_new/RNAID1968/RNAID1968.STARAligned.sortedByCoord.WASPfiltered.out.bam	G/A
RNAID1969	/u/home/c/cindywen/project-gandalm/isoform_twas/star/walker_sqtl_new/RNAID1969/RNAID1969.STARAligned.sortedByCoord.WASPfiltered.out.bam	G/G
RNAID1970	/u/home/c/cindywen/project-gandalm/isoform_twas/star/walker_sqtl_new/RNAID1970/RNAID1970.STARAligned.sortedByCoord.WASPfiltered.out.bam	G/A
RNAID1971	/u/home/c/cindywen/project-gandalm/isoform_twas/star/walker_sqtl_new/RNAID1971/RNAID1971.STARAligned.sortedByCoord.WASPfiltered.out.bam	G/G
RNAID1972	/u/home/c/cindywen/project-gandalm/isoform_twas/star/walker_sqtl_new/RNAID1972/RNAID1972.STARAligned.sortedByCoord.WASPfiltered.out.bam	G/G
RNAID1973	/u/home/c/cindywen/project-gandalm/isoform_twas/star/walker_sqtl_new/RNAID1973/RNAID1973.STARAligned.sortedByCoord.WASPfiltered.out.bam	G/G
RNAID1974	/u/home/c/cindywen/project-gandalm/isoform_twas/star/walker_sqtl_new/RNAID1974/RNAID1974.STARAligned.sortedByCoord.WASPfiltered.out.bam	A/A
RNAID1976	/u/home/c/cindywen/project-gandalm/isoform_twas/star/walker_sqtl_new/RNAID1976/RNAID1976.STARAligned.sortedByCoord.WASPfiltered.out.bam	G/G
RNAID1977	/u/home/c/cindywen/project-gandalm/isoform_twas/star/walker_sqtl_new/RNAID1977/RNAID1977.STARAligned.sortedByCoord.WASPfiltered.out.bam	G/G
RNAID1978	/u/home/c/cindywen/project-gandalm/isoform_twas/star/walker_sqtl_new/RNAID1978/RNAID1978.STARAligned.sortedByCoord.WASPfiltered.out.bam	G/A
RNAID1979	/u/home/c/cindywen/project-gandalm/isoform_twas/star/walker_sqtl_new/RNAID1979/RNAID1979.STARAligned.sortedByCoord.WASPfiltered.out.bam	G/G
RNAID1980	/u/home/c/cindywen/project-gandalm/isoform_twas/star/walker_sqtl_new/RNAID1980/RNAID1980.STARAligned.sortedByCoord.WASPfiltered.out.bam	G/A
RNAID1981	/u/home/c/cindywen/project-gandalm/isoform_twas/star/walker_sqtl_new/RNAID1981/RNAID1981.STARAligned.sortedByCoord.WASPfiltered.out.bam	G/G
RNAID1982	/u/home/c/cindywen/project-gandalm/isoform_twas/star/walker_sqtl_new/RNAID1982/RNAID1982.STARAligned.sortedByCoord.WASPfiltered.out.bam	G/A
RNAID1983	/u/home/c/cindywen/project-gandalm/isoform_twas/star/walker_sqtl_new/RNAID1983/RNAID1983.STARAligned.sortedByCoord.WASPfiltered.out.bam	G/A
RNAID1984	/u/home/c/cindywen/project-gandalm/isoform_twas/star/walker_sqtl_new/RNAID1984/RNAID1984.STARAligned.sortedByCoord.WASPfiltered.out.bam	G/A
RNAID1985	/u/home/c/cindywen/project-gandalm/isoform_twas/star/walker_sqtl_new/RNAID1985/RNAID1985.STARAligned.sortedByCoord.WASPfiltered.out.bam	G/A
RNAID1986	/u/home/c/cindywen/project-gandalm/isoform_twas/star/walker_sqtl_new/RNAID1986/RNAID1986.STARAligned.sortedByCoord.WASPfiltered.out.bam	G/A
RNAID1987	/u/home/c/cindywen/project-gandalm/isoform_twas/star/walker_sqtl_new/RNAID1987/RNAID1987.STARAligned.sortedByCoord.WASPfiltered.out.bam	G/A
RNAID1991	/u/home/c/cindywen/project-gandalm/isoform_twas/star/walker_sqtl_new/RNAID1991/RNAID1991.STARAligned.sortedByCoord.WASPfiltered.out.bam	G/G
RNAID1992	/u/home/c/cindywen/project-gandalm/isoform_twas/star/walker_sqtl_new/RNAID1992/RNAID1992.STARAligned.sortedByCoord.WASPfiltered.out.bam	G/G
RNAID1993	/u/home/c/cindywen/project-gandalm/isoform_twas/star/walker_sqtl_new/RNAID1993/RNAID1993.STARAligned.sortedByCoord.WASPfiltered.out.bam	G/A
RNAID1994	/u/home/c/cindywen/project-gandalm/isoform_twas/star/walker_sqtl_new/RNAID1994/RNAID1994.STARAligned.sortedByCoord.WASPfiltered.out.bam	G/G
RNAID1995	/u/home/c/cindywen/project-gandalm/isoform_twas/star/walker_sqtl_new/RNAID1995/RNAID1995.STARAligned.sortedByCoord.WASPfiltered.out.bam	G/G
RNAID1996	/u/home/c/cindywen/project-gandalm/isoform_twas/star/walker_sqtl_new/RNAID1996/RNAID1996.STARAligned.sortedByCoord.WASPfiltered.out.bam	A/A
RNAID2095	/u/home/c/cindywen/project-gandalm/isoform_twas/star/walker_sqtl_new/RNAID2095/RNAID2095.STARAligned.sortedByCoord.WASPfiltered.out.bam	G/G
RNAID2096	/u/home/c/cindywen/project-gandalm/isoform_twas/star/walker_sqtl_new/RNAID2096/RNAID2096.STARAligned.sortedByCoord.WASPfiltered.out.bam	G/G
RNAID2097	/u/home/c/cindywen/project-gandalm/isoform_twas/star/walker_sqtl_new/RNAID2097/RNAID2097.STARAligned.sortedByCoord.WASPfiltered.out.bam	G/G
RNAID2098	/u/home/c/cindywen/project-gandalm/isoform_twas/star/walker_sqtl_new/RNAID2098/RNAID2098.STARAligned.sortedByCoord.WASPfiltered.out.bam	G/A
RNAID2099	/u/home/c/cindywen/project-gandalm/isoform_twas/star/walker_sqtl_new/RNAID2099/RNAID2099.STARAligned.sortedByCoord.WASPfiltered.out.bam	G/A
RNAID2100	/u/home/c/cindywen/project-gandalm/isoform_twas/star/walker_sqtl_new/RNAID2100/RNAID2100.STARAligned.sortedByCoord.WASPfiltered.out.bam	G/A
RNAID2101	/u/home/c/cindywen/project-gandalm/isoform_twas/star/walker_sqtl_new/RNAID2101/RNAID2101.STARAligned.sortedByCoord.WASPfiltered.out.bam	G/G
RNAID2102	/u/home/c/cindywen/project-gandalm/isoform_twas/star/walker_sqtl_new/RNAID2102/RNAID2102.STARAligned.sortedByCoord.WASPfiltered.out.bam	A/A
RNAID2103	/u/home/c/cindywen/project-gandalm/isoform_twas/star/walker_sqtl_new/RNAID2103/RNAID2103.STARAligned.sortedByCoord.WASPfiltered.out.bam	G/A
RNAID2111	/u/home/c/cindywen/project-gandalm/isoform_twas/star/walker_sqtl_new/RNAID2111/RNAID2111.STARAligned.sortedByCoord.WASPfiltered.out.bam	G/A
RNAID2139	/u/home/c/cindywen/project-gandalm/isoform_twas/star/walker_sqtl_new/RNAID2139/RNAID2139.STARAligned.sortedByCoord.WASPfiltered.out.bam	G/A
RNAID2141	/u/home/c/cindywen/project-gandalm/isoform_twas/star/walker_sqtl_new/RNAID2141/RNAID2141.STARAligned.sortedByCoord.WASPfiltered.out.bam	G/G
RNAID2142	/u/home/c/cindywen/project-gandalm/isoform_twas/star/walker_sqtl_new/RNAID2142/RNAID2142.STARAligned.sortedByCoord.WASPfiltered.out.bam	G/A
RNAID2144	/u/home/c/cindywen/project-gandalm/isoform_twas/star/walker_sqtl_new/RNAID2144/RNAID2144.STARAligned.sortedByCoord.WASPfiltered.out.bam	A/A
